district,location,rooms,area,floor,total_floors,price,area_per_room
Abşeron,Ceyranbatan,3.0,110.0,7.0,9.0,150500.0,36.666666666666664
Abşeron,Masazır,2.0,45.0,5.0,8.0,60000.0,22.5
Abşeron,Mehdiabad,3.0,111.0,3.0,9.0,141500.0,37.0
Abşeron,Saray,3.0,100.0,4.0,12.0,134000.0,33.333333333333336
Abşeron,Ceyranbatan,3.0,114.0,9.0,16.0,170500.0,38.0
Abşeron,Ceyranbatan,2.0,63.0,3.0,14.0,79500.0,31.5
Abşeron,Masazır,2.0,68.0,11.0,16.0,82500.0,34.0
Abşeron,Masazır,2.0,58.0,1.0,7.0,83500.0,29.0
Abşeron,Ceyranbatan,2.0,69.0,7.0,10.0,102500.0,34.5
Abşeron,Masazır,3.0,90.0,4.0,12.0,138000.0,30.0
Abşeron,Mehdiabad,3.0,90.0,2.0,11.0,120000.0,30.0
Abşeron,Masazır,3.0,113.0,3.0,14.0,158500.0,37.666666666666664
Abşeron,Ceyranbatan,2.0,81.0,4.0,5.0,116000.0,40.5
Abşeron,Masazır,3.0,79.0,7.0,16.0,107000.0,26.333333333333332
Abşeron,Ceyranbatan,2.0,80.0,7.0,9.0,111500.0,40.0
Abşeron,Saray,2.0,49.0,4.0,7.0,64000.0,24.5
Abşeron,Ceyranbatan,2.0,70.0,1.0,5.0,94000.0,35.0
Abşeron,Masazır,2.0,77.0,6.0,8.0,102500.0,38.5
Abşeron,Saray,2.0,74.0,5.0,5.0,105000.0,37.0
Abşeron,Masazır,2.0,83.0,5.0,5.0,104000.0,41.5
Abşeron,Masazır,3.0,84.0,14.0,16.0,116000.0,28.0
Abşeron,Saray,3.0,79.0,4.0,5.0,103000.0,26.333333333333332
Abşeron,Mehdiabad,3.0,97.0,8.0,12.0,120000.0,32.333333333333336
Abşeron,Saray,2.0,47.0,5.0,5.0,62500.0,23.5
Abşeron,Ceyranbatan,3.0,113.0,2.0,5.0,157000.0,37.666666666666664
Abşeron,Masazır,2.0,58.0,6.0,17.0,76000.0,29.0
Abşeron,Mehdiabad,3.0,95.0,4.0,4.0,125000.0,31.666666666666668
Abşeron,Ceyranbatan,3.0,109.0,1.0,5.0,123500.0,36.333333333333336
Abşeron,Mehdiabad,2.0,64.0,2.0,4.0,74000.0,32.0
Abşeron,Mehdiabad,2.0,55.0,3.0,12.0,66500.0,27.5
Abşeron,Ceyranbatan,2.0,76.0,3.0,9.0,102500.0,38.0
Abşeron,Mehdiabad,4.0,137.0,13.0,14.0,150500.0,34.25
Abşeron,Mehdiabad,3.0,102.0,3.0,4.0,113000.0,34.0
Abşeron,Masazır,2.0,83.0,5.0,9.0,117500.0,41.5
Abşeron,Masazır,3.0,92.0,4.0,5.0,122500.0,30.666666666666668
Abşeron,Ceyranbatan,1.0,50.0,11.0,16.0,76500.0,50.0
Abşeron,Masazır,2.0,66.0,5.0,6.0,92000.0,33.0
Abşeron,Masazır,3.0,106.0,5.0,8.0,152000.0,35.333333333333336
Abşeron,Masazır,2.0,56.0,5.0,5.0,80500.0,28.0
Abşeron,Masazır,2.0,83.0,2.0,14.0,140000.0,41.5
Abşeron,Saray,2.0,70.0,3.0,7.0,92000.0,35.0
Abşeron,Saray,2.0,67.0,1.0,9.0,84000.0,33.5
Abşeron,Ceyranbatan,2.0,68.0,1.0,12.0,76500.0,34.0
Abşeron,Masazır,3.0,87.0,5.0,5.0,104000.0,29.0
Abşeron,Mehdiabad,2.0,65.0,3.0,5.0,89500.0,32.5
Abşeron,Saray,3.0,95.0,5.0,9.0,123500.0,31.666666666666668
Abşeron,Masazır,2.0,52.0,2.0,12.0,76000.0,26.0
Abşeron,Mehdiabad,2.0,65.0,2.0,5.0,76500.0,32.5
Abşeron,Ceyranbatan,2.0,77.0,12.0,12.0,87000.0,38.5
Abşeron,Mehdiabad,2.0,69.0,5.0,9.0,96500.0,34.5
Abşeron,Ceyranbatan,3.0,114.0,4.0,9.0,139000.0,38.0
Abşeron,Masazır,2.0,82.0,2.0,14.0,122000.0,41.0
Abşeron,Masazır,1.0,53.0,4.0,9.0,87500.0,53.0
Abşeron,Saray,4.0,111.0,17.0,17.0,149500.0,27.75
Abşeron,Masazır,1.0,47.0,12.0,17.0,76500.0,47.0
Abşeron,Saray,3.0,105.0,9.0,17.0,153500.0,35.0
Abşeron,Saray,3.0,86.0,14.0,17.0,117000.0,28.666666666666668
Abşeron,Saray,1.0,52.0,14.0,14.0,65000.0,52.0
Abşeron,Mehdiabad,3.0,102.0,1.0,5.0,112500.0,34.0
Abşeron,Saray,1.0,39.0,10.0,12.0,58500.0,39.0
Abşeron,Mehdiabad,2.0,55.0,1.0,11.0,72000.0,27.5
Abşeron,Mehdiabad,2.0,50.0,9.0,11.0,71000.0,25.0
Abşeron,Masazır,2.0,54.0,6.0,14.0,71500.0,27.0
Abşeron,Ceyranbatan,2.0,69.0,2.0,5.0,81000.0,34.5
Abşeron,Mehdiabad,3.0,111.0,3.0,4.0,137500.0,37.0
Abşeron,Ceyranbatan,2.0,57.0,4.0,14.0,85500.0,28.5
Abşeron,Saray,2.0,72.0,16.0,16.0,96000.0,36.0
Abşeron,Masazır,2.0,43.0,7.0,8.0,65500.0,21.5
Abşeron,Mehdiabad,3.0,94.0,1.0,14.0,110500.0,31.333333333333332
Abşeron,Mehdiabad,2.0,86.0,1.0,6.0,93000.0,43.0
Abşeron,Saray,3.0,60.0,13.0,17.0,84500.0,20.0
Abşeron,Saray,3.0,85.0,6.0,9.0,99000.0,28.333333333333332
Abşeron,Ceyranbatan,2.0,69.0,2.0,16.0,95000.0,34.5
Abşeron,Ceyranbatan,3.0,106.0,1.0,5.0,123000.0,35.333333333333336
Abşeron,Ceyranbatan,3.0,94.0,10.0,16.0,126500.0,31.333333333333332
Abşeron,Masazır,3.0,103.0,4.0,14.0,140500.0,34.333333333333336
Abşeron,Masazır,2.0,77.0,4.0,8.0,106500.0,38.5
Abşeron,Masazır,3.0,88.0,2.0,12.0,123000.0,29.333333333333332
Abşeron,Masazır,3.0,71.0,9.0,14.0,108000.0,23.666666666666668
Abşeron,Mehdiabad,2.0,65.0,3.0,4.0,76500.0,32.5
Abşeron,Masazır,3.0,84.0,6.0,14.0,127500.0,28.0
Abşeron,Masazır,3.0,107.0,3.0,12.0,133000.0,35.666666666666664
Abşeron,Ceyranbatan,2.0,78.0,2.0,5.0,89500.0,39.0
Abşeron,Masazır,3.0,94.0,2.0,9.0,121500.0,31.333333333333332
Abşeron,Masazır,2.0,48.0,9.0,17.0,66500.0,24.0
Abşeron,Mehdiabad,3.0,109.0,12.0,14.0,117500.0,36.333333333333336
Abşeron,Saray,2.0,60.0,4.0,12.0,76500.0,30.0
Abşeron,Masazır,3.0,109.0,9.0,9.0,135000.0,36.333333333333336
Abşeron,Saray,1.0,42.0,3.0,7.0,55500.0,42.0
Abşeron,Mehdiabad,1.0,38.0,3.0,11.0,52500.0,38.0
Abşeron,Saray,2.0,60.0,9.0,17.0,82500.0,30.0
Abşeron,Saray,2.0,74.0,3.0,12.0,102500.0,37.0
Abşeron,Masazır,1.0,44.0,5.0,5.0,60500.0,44.0
Abşeron,Masazır,2.0,73.0,8.0,9.0,91000.0,36.5
Abşeron,Masazır,2.0,45.0,2.0,14.0,63500.0,22.5
Abşeron,Masazır,2.0,46.0,2.0,12.0,70500.0,23.0
Abşeron,Mehdiabad,3.0,93.0,6.0,11.0,108500.0,31.0
Abşeron,Ceyranbatan,2.0,80.0,3.0,10.0,114500.0,40.0
Abşeron,Ceyranbatan,2.0,63.0,1.0,5.0,87500.0,31.5
Abşeron,Saray,2.0,78.0,14.0,14.0,86000.0,39.0
Abşeron,Mehdiabad,3.0,123.0,4.0,4.0,137000.0,41.0
Abşeron,Masazır,3.0,95.0,7.0,8.0,127000.0,31.666666666666668
Abşeron,Masazır,2.0,79.0,7.0,7.0,117500.0,39.5
Abşeron,Ceyranbatan,3.0,75.0,3.0,9.0,111000.0,25.0
Abşeron,Mehdiabad,3.0,77.0,5.0,12.0,101000.0,25.666666666666668
Abşeron,Masazır,2.0,48.0,4.0,9.0,63500.0,24.0
Abşeron,Ceyranbatan,2.0,60.0,4.0,14.0,78000.0,30.0
Abşeron,Masazır,4.0,121.0,6.0,9.0,152000.0,30.25
Abşeron,Saray,3.0,75.0,6.0,17.0,99500.0,25.0
Abşeron,Ceyranbatan,3.0,72.0,7.0,14.0,97000.0,24.0
Abşeron,Saray,4.0,110.0,12.0,12.0,132500.0,27.5
Abşeron,Saray,2.0,80.0,13.0,14.0,103500.0,40.0
Abşeron,Masazır,2.0,78.0,13.0,16.0,110000.0,39.0
Abşeron,Ceyranbatan,2.0,67.0,10.0,10.0,93000.0,33.5
Abşeron,Ceyranbatan,2.0,63.0,3.0,14.0,76500.0,31.5
Abşeron,Masazır,1.0,50.0,4.0,6.0,82000.0,50.0
Abşeron,Masazır,3.0,70.0,5.0,5.0,95000.0,23.333333333333332
Abşeron,Masazır,3.0,82.0,5.0,17.0,108500.0,27.333333333333332
Abşeron,Saray,2.0,72.0,6.0,7.0,101500.0,36.0
Abşeron,Ceyranbatan,3.0,118.0,6.0,10.0,153000.0,39.333333333333336
Abşeron,Mehdiabad,4.0,137.0,7.0,14.0,171000.0,34.25
Abşeron,Masazır,3.0,73.0,9.0,14.0,101000.0,24.333333333333332
Abşeron,Mehdiabad,2.0,75.0,1.0,9.0,79500.0,37.5
Abşeron,Masazır,3.0,72.0,6.0,9.0,94500.0,24.0
Abşeron,Masazır,2.0,63.0,1.0,8.0,78000.0,31.5
Abşeron,Ceyranbatan,3.0,111.0,6.0,14.0,131000.0,37.0
Abşeron,Ceyranbatan,3.0,112.0,6.0,14.0,139000.0,37.333333333333336
Abşeron,Ceyranbatan,3.0,75.0,1.0,5.0,84000.0,25.0
Abşeron,Masazır,2.0,59.0,7.0,9.0,88500.0,29.5
Abşeron,Masazır,2.0,61.0,5.0,10.0,77000.0,30.5
Abşeron,Ceyranbatan,3.0,103.0,4.0,5.0,131000.0,34.333333333333336
Abşeron,Mehdiabad,2.0,80.0,6.0,6.0,94500.0,40.0
Abşeron,Mehdiabad,2.0,86.0,11.0,11.0,111500.0,43.0
Abşeron,Masazır,1.0,49.0,8.0,10.0,72000.0,49.0
Abşeron,Saray,2.0,71.0,6.0,9.0,103000.0,35.5
Abşeron,Mehdiabad,1.0,53.0,10.0,14.0,69500.0,53.0
Abşeron,Mehdiabad,3.0,78.0,4.0,4.0,93000.0,26.0
Abşeron,Saray,2.0,67.0,1.0,14.0,78000.0,33.5
Abşeron,Saray,2.0,46.0,12.0,14.0,69000.0,23.0
Abşeron,Ceyranbatan,3.0,102.0,8.0,10.0,129000.0,34.0
Abşeron,Masazır,3.0,106.0,17.0,17.0,135000.0,35.333333333333336
Abşeron,Masazır,2.0,56.0,8.0,10.0,73500.0,28.0
Abşeron,Ceyranbatan,2.0,78.0,6.0,9.0,115500.0,39.0
Abşeron,Saray,3.0,94.0,1.0,5.0,117500.0,31.333333333333332
Abşeron,Ceyranbatan,2.0,62.0,3.0,9.0,86500.0,31.0
Abşeron,Ceyranbatan,2.0,70.0,13.0,14.0,103500.0,35.0
Abşeron,Ceyranbatan,2.0,54.0,10.0,12.0,71000.0,27.0
Abşeron,Saray,3.0,82.0,13.0,14.0,107500.0,27.333333333333332
Abşeron,Mehdiabad,2.0,76.0,2.0,9.0,98500.0,38.0
Abşeron,Ceyranbatan,2.0,71.0,2.0,5.0,86500.0,35.5
Abşeron,Ceyranbatan,3.0,118.0,9.0,9.0,186000.0,39.333333333333336
Abşeron,Masazır,2.0,70.0,3.0,5.0,90500.0,35.0
Abşeron,Mehdiabad,3.0,122.0,1.0,4.0,160500.0,40.666666666666664
Abşeron,Ceyranbatan,2.0,76.0,6.0,12.0,105500.0,38.0
Abşeron,Masazır,2.0,79.0,12.0,14.0,107000.0,39.5
Abşeron,Masazır,3.0,105.0,4.0,7.0,140500.0,35.0
Abşeron,Mehdiabad,2.0,55.0,3.0,6.0,74000.0,27.5
Abşeron,Masazır,1.0,41.0,1.0,8.0,55000.0,41.0
Abşeron,Masazır,4.0,130.0,5.0,5.0,175000.0,32.5
Abşeron,Mehdiabad,2.0,62.0,4.0,9.0,76500.0,31.0
Abşeron,Masazır,3.0,97.0,11.0,16.0,132000.0,32.333333333333336
Abşeron,Masazır,2.0,81.0,17.0,17.0,113000.0,40.5
Abşeron,Masazır,2.0,64.0,10.0,14.0,96500.0,32.0
Abşeron,Ceyranbatan,2.0,64.0,11.0,14.0,93000.0,32.0
Abşeron,Saray,2.0,82.0,5.0,9.0,99500.0,41.0
Abşeron,Saray,2.0,59.0,1.0,5.0,62000.0,29.5
Abşeron,Mehdiabad,3.0,98.0,3.0,6.0,120000.0,32.666666666666664
Abşeron,Masazır,2.0,81.0,5.0,9.0,110000.0,40.5
Abşeron,Ceyranbatan,3.0,82.0,1.0,9.0,107000.0,27.333333333333332
Abşeron,Ceyranbatan,3.0,109.0,11.0,14.0,135000.0,36.333333333333336
Abşeron,Masazır,3.0,110.0,3.0,12.0,167000.0,36.666666666666664
Abşeron,Saray,2.0,78.0,5.0,7.0,93000.0,39.0
Abşeron,Mehdiabad,4.0,128.0,2.0,9.0,169500.0,32.0
Abşeron,Saray,2.0,49.0,1.0,7.0,70000.0,24.5
Abşeron,Masazır,2.0,54.0,6.0,8.0,81000.0,27.0
Abşeron,Ceyranbatan,2.0,63.0,1.0,14.0,77000.0,31.5
Abşeron,Mehdiabad,2.0,57.0,4.0,4.0,72500.0,28.5
Abşeron,Mehdiabad,3.0,116.0,5.0,5.0,145500.0,38.666666666666664
Abşeron,Ceyranbatan,3.0,109.0,6.0,10.0,163000.0,36.333333333333336
Abşeron,Ceyranbatan,3.0,116.0,6.0,16.0,139500.0,38.666666666666664
Abşeron,Ceyranbatan,2.0,55.0,2.0,9.0,67500.0,27.5
Abşeron,Saray,2.0,73.0,2.0,7.0,92000.0,36.5
Abşeron,Saray,2.0,60.0,3.0,7.0,80500.0,30.0
Abşeron,Ceyranbatan,3.0,95.0,9.0,10.0,122000.0,31.666666666666668
Abşeron,Ceyranbatan,2.0,64.0,1.0,12.0,87000.0,32.0
Abşeron,Masazır,1.0,51.0,5.0,6.0,83500.0,51.0
Abşeron,Mehdiabad,1.0,48.0,2.0,5.0,66000.0,48.0
Abşeron,Masazır,4.0,135.0,5.0,6.0,157500.0,33.75
Abşeron,Saray,3.0,97.0,13.0,14.0,104500.0,32.333333333333336
Abşeron,Saray,2.0,45.0,6.0,16.0,62500.0,22.5
Abşeron,Saray,3.0,79.0,7.0,17.0,116000.0,26.333333333333332
Abşeron,Masazır,2.0,51.0,5.0,16.0,68000.0,25.5
Abşeron,Mehdiabad,3.0,104.0,6.0,6.0,132500.0,34.666666666666664
Abşeron,Masazır,2.0,60.0,4.0,6.0,81500.0,30.0
Abşeron,Saray,3.0,91.0,9.0,16.0,107500.0,30.333333333333332
Abşeron,Masazır,3.0,94.0,4.0,6.0,134500.0,31.333333333333332
Abşeron,Ceyranbatan,3.0,81.0,5.0,14.0,120500.0,27.0
Abşeron,Masazır,2.0,57.0,5.0,14.0,80500.0,28.5
Abşeron,Masazır,3.0,74.0,6.0,9.0,112000.0,24.666666666666668
Abşeron,Mehdiabad,3.0,124.0,2.0,9.0,151000.0,41.333333333333336
Binəqədi,9-cu Mikrorayon,2.0,62.0,4.0,9.0,149000.0,31.0
Binəqədi,8-ci Mikrorayon,3.0,72.0,1.0,5.0,171000.0,24.0
Binəqədi,28 May,3.0,111.0,8.0,9.0,382000.0,37.0
Binəqədi,6-cı Mikrorayon,3.0,114.0,11.0,18.0,269000.0,38.0
Binəqədi,7-ci Mikrorayon,2.0,67.0,9.0,16.0,217000.0,33.5
Binəqədi,7-ci Mikrorayon,3.0,123.0,12.0,17.0,309000.0,41.0
Binəqədi,6-cı Mikrorayon,2.0,51.0,9.0,18.0,145000.0,25.5
Binəqədi,9-cu Mikrorayon,3.0,74.0,6.0,19.0,202000.0,24.666666666666668
Binəqədi,Binəqədi,3.0,84.0,2.0,16.0,155000.0,28.0
Binəqədi,7-ci Mikrorayon,2.0,81.0,11.0,17.0,205000.0,40.5
Binəqədi,6-cı Mikrorayon,2.0,92.0,14.0,16.0,260000.0,46.0
Binəqədi,Binəqədi,2.0,69.0,1.0,3.0,115000.0,34.5
Binəqədi,8-ci Mikrorayon,2.0,83.0,9.0,16.0,307000.0,41.5
Binəqədi,9-cu Mikrorayon,3.0,87.0,4.0,17.0,224000.0,29.0
Binəqədi,9-cu Mikrorayon,1.0,50.0,4.0,19.0,160000.0,50.0
Binəqədi,Biləcəri,2.0,94.0,5.0,5.0,165000.0,47.0
Binəqədi,Biləcəri,4.0,115.0,2.0,5.0,250000.0,28.75
Binəqədi,6-cı Mikrorayon,3.0,74.0,2.0,7.0,210000.0,24.666666666666668
Binəqədi,6-cı Mikrorayon,3.0,108.0,7.0,18.0,320000.0,36.0
Binəqədi,7-ci Mikrorayon,3.0,93.0,9.0,13.0,221000.0,31.0
Binəqədi,6-cı Mikrorayon,3.0,107.0,1.0,14.0,247000.0,35.666666666666664
Binəqədi,Biləcəri,2.0,60.0,11.0,15.0,132000.0,30.0
Binəqədi,8-ci Mikrorayon,2.0,75.0,14.0,19.0,201000.0,37.5
Binəqədi,8-ci Mikrorayon,3.0,113.0,4.0,18.0,295000.0,37.666666666666664
Binəqədi,28 May,3.0,112.0,5.0,9.0,342000.0,37.333333333333336
Binəqədi,Biləcəri,4.0,103.0,1.0,5.0,237000.0,25.75
Binəqədi,8-ci Mikrorayon,2.0,70.0,2.0,5.0,211000.0,35.0
Binəqədi,7-ci Mikrorayon,3.0,99.0,7.0,12.0,288000.0,33.0
Binəqədi,9-cu Mikrorayon,3.0,82.0,7.0,17.0,286000.0,27.333333333333332
Binəqədi,6-cı Mikrorayon,3.0,102.0,1.0,7.0,262000.0,34.0
Binəqədi,8-ci Mikrorayon,3.0,85.0,4.0,16.0,284000.0,28.333333333333332
Binəqədi,6-cı Mikrorayon,3.0,106.0,9.0,17.0,259000.0,35.333333333333336
Binəqədi,9-cu Mikrorayon,2.0,65.0,1.0,5.0,179000.0,32.5
Binəqədi,6-cı Mikrorayon,2.0,61.0,3.0,7.0,176000.0,30.5
Binəqədi,6-cı Mikrorayon,3.0,115.0,1.0,16.0,297000.0,38.333333333333336
Binəqədi,Biləcəri,2.0,51.0,5.0,10.0,92000.0,25.5
Binəqədi,Biləcəri,2.0,61.0,1.0,5.0,118000.0,30.5
Binəqədi,7-ci Mikrorayon,2.0,61.0,8.0,9.0,157000.0,30.5
Binəqədi,6-cı Mikrorayon,2.0,89.0,5.0,7.0,200000.0,44.5
Binəqədi,8-ci Mikrorayon,2.0,68.0,2.0,19.0,220000.0,34.0
Binəqədi,6-cı Mikrorayon,3.0,126.0,5.0,18.0,320000.0,42.0
Binəqədi,7-ci Mikrorayon,2.0,66.0,14.0,18.0,207000.0,33.0
Binəqədi,7-ci Mikrorayon,3.0,76.0,1.0,13.0,212000.0,25.333333333333332
Binəqədi,8-ci Mikrorayon,2.0,95.0,8.0,19.0,264000.0,47.5
Binəqədi,6-cı Mikrorayon,3.0,92.0,18.0,18.0,214000.0,30.666666666666668
Binəqədi,8-ci Mikrorayon,1.0,46.0,5.0,5.0,135000.0,46.0
Binəqədi,8-ci Mikrorayon,2.0,81.0,5.0,9.0,208000.0,40.5
Binəqədi,Biləcəri,3.0,130.0,6.0,10.0,250000.0,43.333333333333336
Binəqədi,9-cu Mikrorayon,2.0,64.0,10.0,19.0,193000.0,32.0
Binəqədi,28 May,3.0,96.0,10.0,17.0,304000.0,32.0
Binəqədi,Biləcəri,3.0,90.0,15.0,17.0,173000.0,30.0
Binəqədi,Binəqədi,1.0,66.0,2.0,3.0,163000.0,66.0
Binəqədi,7-ci Mikrorayon,3.0,118.0,5.0,9.0,257000.0,39.333333333333336
Binəqədi,7-ci Mikrorayon,3.0,124.0,3.0,18.0,326000.0,41.333333333333336
Binəqədi,7-ci Mikrorayon,2.0,89.0,1.0,5.0,241000.0,44.5
Binəqədi,9-cu Mikrorayon,3.0,105.0,2.0,9.0,288000.0,35.0
Binəqədi,9-cu Mikrorayon,1.0,64.0,15.0,17.0,189000.0,64.0
Binəqədi,Biləcəri,2.0,55.0,15.0,17.0,96000.0,27.5
Binəqədi,Biləcəri,2.0,85.0,5.0,10.0,160000.0,42.5
Binəqədi,7-ci Mikrorayon,4.0,110.0,3.0,9.0,270000.0,27.5
Binəqədi,6-cı Mikrorayon,2.0,79.0,14.0,19.0,197000.0,39.5
Binəqədi,Binəqədi,2.0,63.0,16.0,17.0,99000.0,31.5
Binəqədi,Biləcəri,1.0,58.0,8.0,10.0,94000.0,58.0
Binəqədi,6-cı Mikrorayon,2.0,88.0,6.0,18.0,277000.0,44.0
Binəqədi,Binəqədi,3.0,112.0,1.0,3.0,260000.0,37.333333333333336
Binəqədi,6-cı Mikrorayon,2.0,58.0,11.0,19.0,162000.0,29.0
Binəqədi,8-ci Mikrorayon,3.0,100.0,5.0,5.0,242000.0,33.333333333333336
Binəqədi,6-cı Mikrorayon,4.0,105.0,2.0,5.0,228000.0,26.25
Binəqədi,6-cı Mikrorayon,2.0,87.0,5.0,5.0,235000.0,43.5
Binəqədi,7-ci Mikrorayon,3.0,117.0,4.0,17.0,338000.0,39.0
Binəqədi,Binəqədi,3.0,128.0,13.0,17.0,260000.0,42.666666666666664
Binəqədi,7-ci Mikrorayon,3.0,89.0,4.0,18.0,263000.0,29.666666666666668
Binəqədi,9-cu Mikrorayon,2.0,86.0,1.0,17.0,274000.0,43.0
Binəqədi,9-cu Mikrorayon,4.0,119.0,6.0,18.0,390000.0,29.75
Binəqədi,8-ci Mikrorayon,3.0,97.0,19.0,19.0,263000.0,32.333333333333336
Binəqədi,Biləcəri,2.0,74.0,11.0,17.0,107000.0,37.0
Binəqədi,Biləcəri,2.0,83.0,9.0,15.0,127000.0,41.5
Binəqədi,8-ci Mikrorayon,3.0,114.0,16.0,16.0,311000.0,38.0
Binəqədi,7-ci Mikrorayon,3.0,93.0,9.0,13.0,252000.0,31.0
Binəqədi,7-ci Mikrorayon,3.0,87.0,5.0,12.0,202000.0,29.0
Binəqədi,9-cu Mikrorayon,1.0,50.0,4.0,9.0,160000.0,50.0
Binəqədi,8-ci Mikrorayon,1.0,51.0,4.0,14.0,142000.0,51.0
Binəqədi,6-cı Mikrorayon,2.0,53.0,4.0,19.0,158000.0,26.5
Binəqədi,6-cı Mikrorayon,4.0,161.0,1.0,5.0,320000.0,40.25
Binəqədi,6-cı Mikrorayon,3.0,89.0,2.0,5.0,209000.0,29.666666666666668
Binəqədi,9-cu Mikrorayon,3.0,84.0,13.0,19.0,252000.0,28.0
Binəqədi,7-ci Mikrorayon,3.0,109.0,4.0,17.0,335000.0,36.333333333333336
Binəqədi,6-cı Mikrorayon,2.0,49.0,1.0,7.0,113000.0,24.5
Binəqədi,7-ci Mikrorayon,2.0,74.0,2.0,5.0,224000.0,37.0
Binəqədi,9-cu Mikrorayon,3.0,129.0,7.0,9.0,263000.0,43.0
Binəqədi,7-ci Mikrorayon,2.0,48.0,5.0,9.0,139000.0,24.0
Binəqədi,8-ci Mikrorayon,2.0,70.0,9.0,14.0,232000.0,35.0
Binəqədi,9-cu Mikrorayon,3.0,71.0,2.0,5.0,234000.0,23.666666666666668
Binəqədi,8-ci Mikrorayon,1.0,53.0,2.0,17.0,176000.0,53.0
Binəqədi,7-ci Mikrorayon,1.0,58.0,16.0,17.0,175000.0,58.0
Binəqədi,7-ci Mikrorayon,2.0,55.0,7.0,12.0,160000.0,27.5
Binəqədi,Biləcəri,3.0,99.0,3.0,5.0,172000.0,33.0
Binəqədi,Biləcəri,3.0,70.0,14.0,17.0,106000.0,23.333333333333332
Binəqədi,8-ci Mikrorayon,3.0,73.0,5.0,9.0,223000.0,24.333333333333332
Binəqədi,9-cu Mikrorayon,2.0,85.0,8.0,19.0,249000.0,42.5
Binəqədi,28 May,4.0,114.0,2.0,5.0,373000.0,28.5
Binəqədi,8-ci Mikrorayon,2.0,75.0,8.0,16.0,224000.0,37.5
Binəqədi,9-cu Mikrorayon,2.0,49.0,14.0,17.0,125000.0,24.5
Binəqədi,9-cu Mikrorayon,4.0,162.0,8.0,9.0,390000.0,40.5
Binəqədi,8-ci Mikrorayon,3.0,90.0,7.0,19.0,329000.0,30.0
Binəqədi,7-ci Mikrorayon,2.0,75.0,13.0,17.0,202000.0,37.5
Binəqədi,Binəqədi,2.0,49.0,11.0,18.0,171000.0,24.5
Binəqədi,9-cu Mikrorayon,2.0,86.0,2.0,9.0,242000.0,43.0
Binəqədi,7-ci Mikrorayon,3.0,111.0,3.0,5.0,322000.0,37.0
Binəqədi,7-ci Mikrorayon,3.0,118.0,9.0,13.0,259000.0,39.333333333333336
Binəqədi,Binəqədi,4.0,111.0,4.0,17.0,260000.0,27.75
Binəqədi,7-ci Mikrorayon,2.0,65.0,2.0,18.0,151000.0,32.5
Binəqədi,8-ci Mikrorayon,3.0,120.0,3.0,9.0,318000.0,40.0
Binəqədi,9-cu Mikrorayon,3.0,107.0,4.0,9.0,275000.0,35.666666666666664
Binəqədi,6-cı Mikrorayon,3.0,127.0,6.0,16.0,317000.0,42.333333333333336
Binəqədi,9-cu Mikrorayon,3.0,89.0,7.0,9.0,255000.0,29.666666666666668
Binəqədi,7-ci Mikrorayon,2.0,63.0,10.0,17.0,136000.0,31.5
Binəqədi,Biləcəri,3.0,73.0,10.0,17.0,170000.0,24.333333333333332
Binəqədi,28 May,3.0,93.0,4.0,18.0,364000.0,31.0
Binəqədi,8-ci Mikrorayon,3.0,75.0,6.0,14.0,242000.0,25.0
Binəqədi,Binəqədi,3.0,128.0,6.0,16.0,260000.0,42.666666666666664
Binəqədi,7-ci Mikrorayon,2.0,49.0,4.0,9.0,166000.0,24.5
Binəqədi,Biləcəri,2.0,95.0,1.0,17.0,157000.0,47.5
Binəqədi,7-ci Mikrorayon,2.0,85.0,2.0,12.0,229000.0,42.5
Binəqədi,9-cu Mikrorayon,1.0,55.0,8.0,19.0,171000.0,55.0
Binəqədi,9-cu Mikrorayon,2.0,47.0,3.0,5.0,154000.0,23.5
Binəqədi,7-ci Mikrorayon,2.0,92.0,14.0,17.0,269000.0,46.0
Binəqədi,9-cu Mikrorayon,4.0,152.0,2.0,17.0,390000.0,38.0
Binəqədi,7-ci Mikrorayon,1.0,56.0,12.0,16.0,137000.0,56.0
Binəqədi,Biləcəri,2.0,58.0,1.0,5.0,119000.0,29.0
Binəqədi,8-ci Mikrorayon,2.0,93.0,7.0,17.0,312000.0,46.5
Binəqədi,Biləcəri,3.0,87.0,3.0,10.0,171000.0,29.0
Binəqədi,Biləcəri,2.0,67.0,10.0,10.0,105000.0,33.5
Binəqədi,9-cu Mikrorayon,3.0,117.0,4.0,5.0,316000.0,39.0
Binəqədi,8-ci Mikrorayon,2.0,84.0,5.0,5.0,211000.0,42.0
Binəqədi,Binəqədi,1.0,66.0,2.0,3.0,183000.0,66.0
Binəqədi,Binəqədi,2.0,47.0,3.0,5.0,132000.0,23.5
Binəqədi,8-ci Mikrorayon,2.0,77.0,14.0,17.0,219000.0,38.5
Binəqədi,9-cu Mikrorayon,3.0,116.0,7.0,9.0,293000.0,38.666666666666664
Binəqədi,7-ci Mikrorayon,3.0,96.0,4.0,17.0,252000.0,32.0
Binəqədi,9-cu Mikrorayon,3.0,75.0,1.0,5.0,185000.0,25.0
Binəqədi,6-cı Mikrorayon,2.0,80.0,4.0,17.0,218000.0,40.0
Binəqədi,Binəqədi,2.0,64.0,12.0,16.0,111000.0,32.0
Binəqədi,Biləcəri,2.0,80.0,2.0,15.0,200000.0,40.0
Binəqədi,Biləcəri,1.0,64.0,5.0,5.0,153000.0,64.0
Binəqədi,28 May,3.0,106.0,1.0,12.0,278000.0,35.333333333333336
Binəqədi,6-cı Mikrorayon,3.0,71.0,5.0,5.0,156000.0,23.666666666666668
Binəqədi,7-ci Mikrorayon,3.0,119.0,3.0,16.0,335000.0,39.666666666666664
Binəqədi,6-cı Mikrorayon,2.0,72.0,15.0,19.0,182000.0,36.0
Binəqədi,7-ci Mikrorayon,2.0,88.0,16.0,17.0,223000.0,44.0
Binəqədi,Binəqədi,2.0,54.0,2.0,5.0,151000.0,27.0
Binəqədi,8-ci Mikrorayon,3.0,78.0,8.0,16.0,237000.0,26.0
Binəqədi,Biləcəri,2.0,46.0,3.0,17.0,124000.0,23.0
Binəqədi,6-cı Mikrorayon,2.0,65.0,7.0,7.0,186000.0,32.5
Binəqədi,7-ci Mikrorayon,2.0,51.0,7.0,9.0,138000.0,25.5
Binəqədi,7-ci Mikrorayon,2.0,66.0,6.0,18.0,148000.0,33.0
Binəqədi,Biləcəri,2.0,86.0,4.0,10.0,123000.0,43.0
Binəqədi,6-cı Mikrorayon,3.0,74.0,7.0,7.0,191000.0,24.666666666666668
Binəqədi,8-ci Mikrorayon,3.0,126.0,11.0,17.0,390000.0,42.0
Binəqədi,7-ci Mikrorayon,2.0,48.0,9.0,12.0,120000.0,24.0
Binəqədi,7-ci Mikrorayon,3.0,124.0,5.0,5.0,321000.0,41.333333333333336
Binəqədi,9-cu Mikrorayon,2.0,81.0,6.0,9.0,244000.0,40.5
Binəqədi,8-ci Mikrorayon,3.0,123.0,12.0,14.0,313000.0,41.0
Binəqədi,Binəqədi,3.0,109.0,3.0,5.0,235000.0,36.333333333333336
Binəqədi,7-ci Mikrorayon,3.0,120.0,11.0,17.0,262000.0,40.0
Binəqədi,9-cu Mikrorayon,3.0,128.0,5.0,19.0,340000.0,42.666666666666664
Binəqədi,9-cu Mikrorayon,2.0,83.0,3.0,5.0,227000.0,41.5
Binəqədi,6-cı Mikrorayon,3.0,130.0,4.0,5.0,320000.0,43.333333333333336
Binəqədi,7-ci Mikrorayon,3.0,82.0,3.0,9.0,194000.0,27.333333333333332
Binəqədi,8-ci Mikrorayon,3.0,117.0,2.0,17.0,390000.0,39.0
Binəqədi,8-ci Mikrorayon,2.0,56.0,6.0,19.0,184000.0,28.0
Binəqədi,Binəqədi,3.0,118.0,8.0,17.0,260000.0,39.333333333333336
Binəqədi,Biləcəri,2.0,81.0,15.0,17.0,198000.0,40.5
Binəqədi,7-ci Mikrorayon,2.0,57.0,5.0,18.0,164000.0,28.5
Binəqədi,Binəqədi,3.0,103.0,2.0,3.0,159000.0,34.333333333333336
Binəqədi,8-ci Mikrorayon,3.0,123.0,3.0,16.0,375000.0,41.0
Binəqədi,6-cı Mikrorayon,3.0,85.0,3.0,18.0,227000.0,28.333333333333332
Binəqədi,9-cu Mikrorayon,3.0,78.0,3.0,5.0,258000.0,26.0
Binəqədi,9-cu Mikrorayon,3.0,109.0,1.0,5.0,212000.0,36.333333333333336
Binəqədi,Binəqədi,3.0,97.0,2.0,3.0,175000.0,32.333333333333336
Binəqədi,28 May,3.0,114.0,1.0,5.0,394000.0,38.0
Binəqədi,9-cu Mikrorayon,3.0,115.0,5.0,9.0,296000.0,38.333333333333336
Binəqədi,7-ci Mikrorayon,3.0,75.0,12.0,16.0,186000.0,25.0
Binəqədi,8-ci Mikrorayon,2.0,75.0,4.0,5.0,238000.0,37.5
Binəqədi,Biləcəri,2.0,91.0,5.0,5.0,185000.0,45.5
Binəqədi,8-ci Mikrorayon,3.0,81.0,15.0,19.0,271000.0,27.0
Binəqədi,6-cı Mikrorayon,3.0,130.0,2.0,19.0,273000.0,43.333333333333336
Binəqədi,Binəqədi,2.0,60.0,2.0,16.0,171000.0,30.0
Binəqədi,Biləcəri,4.0,117.0,3.0,5.0,223000.0,29.25
Binəqədi,Binəqədi,2.0,60.0,12.0,17.0,212000.0,30.0
Binəqədi,6-cı Mikrorayon,3.0,122.0,5.0,7.0,269000.0,40.666666666666664
Binəqədi,8-ci Mikrorayon,3.0,80.0,15.0,18.0,236000.0,26.666666666666668
Binəqədi,7-ci Mikrorayon,1.0,53.0,2.0,17.0,131000.0,53.0
Binəqədi,9-cu Mikrorayon,1.0,49.0,15.0,19.0,120000.0,49.0
Binəqədi,7-ci Mikrorayon,3.0,108.0,8.0,9.0,311000.0,36.0
Binəqədi,Biləcəri,3.0,103.0,7.0,15.0,178000.0,34.333333333333336
Binəqədi,28 May,3.0,120.0,3.0,5.0,420000.0,40.0
Binəqədi,9-cu Mikrorayon,3.0,101.0,2.0,9.0,219000.0,33.666666666666664
Binəqədi,6-cı Mikrorayon,3.0,75.0,12.0,17.0,209000.0,25.0
Binəqədi,6-cı Mikrorayon,3.0,114.0,7.0,7.0,284000.0,38.0
Binəqədi,Biləcəri,2.0,76.0,3.0,5.0,164000.0,38.0
Binəqədi,8-ci Mikrorayon,3.0,75.0,3.0,5.0,218000.0,25.0
Binəqədi,7-ci Mikrorayon,2.0,81.0,2.0,5.0,244000.0,40.5
Binəqədi,8-ci Mikrorayon,3.0,92.0,9.0,9.0,285000.0,30.666666666666668
Binəqədi,8-ci Mikrorayon,4.0,107.0,4.0,19.0,345000.0,26.75
Binəqədi,28 May,4.0,90.0,4.0,12.0,293000.0,22.5
Binəqədi,7-ci Mikrorayon,3.0,102.0,6.0,17.0,287000.0,34.0
Binəqədi,Binəqədi,2.0,46.0,1.0,3.0,80000.0,23.0
Binəqədi,Biləcəri,2.0,85.0,4.0,5.0,216000.0,42.5
Binəqədi,7-ci Mikrorayon,2.0,88.0,5.0,13.0,216000.0,44.0
Binəqədi,7-ci Mikrorayon,3.0,91.0,5.0,16.0,249000.0,30.333333333333332
Binəqədi,Binəqədi,2.0,61.0,4.0,18.0,127000.0,30.5
Binəqədi,6-cı Mikrorayon,2.0,69.0,8.0,18.0,235000.0,34.5
Binəqədi,9-cu Mikrorayon,2.0,55.0,17.0,18.0,156000.0,27.5
Binəqədi,6-cı Mikrorayon,2.0,74.0,4.0,14.0,199000.0,37.0
Binəqədi,Biləcəri,3.0,88.0,1.0,5.0,167000.0,29.333333333333332
Binəqədi,Biləcəri,2.0,70.0,5.0,5.0,134000.0,35.0
Binəqədi,7-ci Mikrorayon,3.0,105.0,10.0,12.0,269000.0,35.0
Binəqədi,Binəqədi,2.0,55.0,12.0,18.0,164000.0,27.5
Binəqədi,6-cı Mikrorayon,2.0,66.0,17.0,19.0,175000.0,33.0
Binəqədi,7-ci Mikrorayon,3.0,80.0,10.0,13.0,214000.0,26.666666666666668
Binəqədi,7-ci Mikrorayon,3.0,104.0,12.0,13.0,270000.0,34.666666666666664
Binəqədi,6-cı Mikrorayon,2.0,52.0,10.0,18.0,157000.0,26.0
Binəqədi,Binəqədi,1.0,63.0,1.0,5.0,152000.0,63.0
Binəqədi,9-cu Mikrorayon,4.0,118.0,1.0,9.0,299000.0,29.5
Binəqədi,8-ci Mikrorayon,3.0,96.0,7.0,18.0,317000.0,32.0
Binəqədi,9-cu Mikrorayon,2.0,53.0,7.0,19.0,175000.0,26.5
Binəqədi,8-ci Mikrorayon,3.0,104.0,11.0,14.0,356000.0,34.666666666666664
Binəqədi,9-cu Mikrorayon,3.0,82.0,5.0,9.0,241000.0,27.333333333333332
Binəqədi,7-ci Mikrorayon,2.0,58.0,16.0,17.0,151000.0,29.0
Binəqədi,Biləcəri,2.0,52.0,13.0,17.0,136000.0,26.0
Binəqədi,7-ci Mikrorayon,3.0,92.0,11.0,13.0,215000.0,30.666666666666668
Binəqədi,28 May,3.0,120.0,9.0,18.0,336000.0,40.0
Binəqədi,9-cu Mikrorayon,3.0,110.0,1.0,9.0,234000.0,36.666666666666664
Binəqədi,9-cu Mikrorayon,2.0,80.0,7.0,9.0,238000.0,40.0
Binəqədi,8-ci Mikrorayon,3.0,118.0,6.0,14.0,341000.0,39.333333333333336
Binəqədi,28 May,3.0,87.0,7.0,9.0,306000.0,29.0
Binəqədi,Binəqədi,4.0,150.0,6.0,17.0,260000.0,37.5
Binəqədi,8-ci Mikrorayon,2.0,66.0,8.0,14.0,251000.0,33.0
Binəqədi,Biləcəri,2.0,57.0,3.0,5.0,90000.0,28.5
Binəqədi,28 May,3.0,103.0,7.0,17.0,328000.0,34.333333333333336
Binəqədi,8-ci Mikrorayon,2.0,87.0,2.0,5.0,292000.0,43.5
Binəqədi,Binəqədi,2.0,52.0,9.0,17.0,182000.0,26.0
Binəqədi,9-cu Mikrorayon,2.0,52.0,10.0,18.0,147000.0,26.0
Binəqədi,9-cu Mikrorayon,3.0,130.0,12.0,17.0,357000.0,43.333333333333336
Binəqədi,9-cu Mikrorayon,2.0,80.0,18.0,18.0,257000.0,40.0
Binəqədi,8-ci Mikrorayon,3.0,103.0,12.0,16.0,277000.0,34.333333333333336
Binəqədi,8-ci Mikrorayon,3.0,79.0,6.0,9.0,268000.0,26.333333333333332
Binəqədi,9-cu Mikrorayon,3.0,127.0,15.0,19.0,374000.0,42.333333333333336
Binəqədi,6-cı Mikrorayon,2.0,64.0,4.0,5.0,145000.0,32.0
Binəqədi,6-cı Mikrorayon,2.0,89.0,5.0,5.0,244000.0,44.5
Binəqədi,Binəqədi,2.0,50.0,4.0,5.0,123000.0,25.0
Binəqədi,7-ci Mikrorayon,2.0,87.0,18.0,18.0,210000.0,43.5
Binəqədi,7-ci Mikrorayon,2.0,59.0,1.0,18.0,172000.0,29.5
Binəqədi,8-ci Mikrorayon,2.0,59.0,8.0,9.0,159000.0,29.5
Binəqədi,Binəqədi,3.0,77.0,3.0,3.0,180000.0,25.666666666666668
Binəqədi,6-cı Mikrorayon,2.0,51.0,4.0,5.0,143000.0,25.5
Binəqədi,7-ci Mikrorayon,2.0,58.0,2.0,18.0,135000.0,29.0
Binəqədi,Binəqədi,3.0,106.0,11.0,18.0,226000.0,35.333333333333336
Binəqədi,7-ci Mikrorayon,2.0,80.0,6.0,16.0,239000.0,40.0
Binəqədi,Binəqədi,3.0,120.0,11.0,18.0,260000.0,40.0
Binəqədi,8-ci Mikrorayon,2.0,59.0,14.0,14.0,196000.0,29.5
Binəqədi,Binəqədi,3.0,78.0,8.0,17.0,155000.0,26.0
Binəqədi,7-ci Mikrorayon,3.0,123.0,1.0,9.0,281000.0,41.0
Binəqədi,28 May,3.0,120.0,8.0,9.0,355000.0,40.0
Binəqədi,7-ci Mikrorayon,4.0,127.0,2.0,9.0,361000.0,31.75
Binəqədi,9-cu Mikrorayon,3.0,95.0,9.0,9.0,226000.0,31.666666666666668
Binəqədi,9-cu Mikrorayon,2.0,68.0,16.0,19.0,197000.0,34.0
Binəqədi,Biləcəri,2.0,58.0,6.0,15.0,108000.0,29.0
Binəqədi,7-ci Mikrorayon,4.0,153.0,3.0,12.0,327000.0,38.25
Binəqədi,8-ci Mikrorayon,4.0,143.0,13.0,14.0,390000.0,35.75
Binəqədi,6-cı Mikrorayon,3.0,80.0,6.0,7.0,198000.0,26.666666666666668
Binəqədi,Biləcəri,1.0,46.0,1.0,5.0,116000.0,46.0
Binəqədi,Biləcəri,2.0,90.0,1.0,10.0,130000.0,45.0
Binəqədi,9-cu Mikrorayon,4.0,161.0,1.0,18.0,313000.0,40.25
Binəqədi,Binəqədi,2.0,66.0,6.0,17.0,107000.0,33.0
Binəqədi,8-ci Mikrorayon,3.0,87.0,13.0,19.0,234000.0,29.0
Binəqədi,9-cu Mikrorayon,2.0,50.0,1.0,5.0,129000.0,25.0
Binəqədi,9-cu Mikrorayon,2.0,72.0,4.0,17.0,253000.0,36.0
Binəqədi,9-cu Mikrorayon,3.0,87.0,1.0,5.0,235000.0,29.0
Binəqədi,9-cu Mikrorayon,2.0,65.0,2.0,5.0,186000.0,32.5
Binəqədi,9-cu Mikrorayon,2.0,49.0,6.0,17.0,154000.0,24.5
Binəqədi,7-ci Mikrorayon,3.0,120.0,3.0,17.0,328000.0,40.0
Binəqədi,Biləcəri,2.0,94.0,11.0,17.0,140000.0,47.0
Binəqədi,7-ci Mikrorayon,4.0,155.0,7.0,9.0,341000.0,38.75
Binəqədi,9-cu Mikrorayon,2.0,54.0,5.0,18.0,158000.0,27.0
Binəqədi,7-ci Mikrorayon,2.0,53.0,2.0,5.0,138000.0,26.5
Binəqədi,6-cı Mikrorayon,2.0,80.0,5.0,5.0,198000.0,40.0
Binəqədi,7-ci Mikrorayon,2.0,50.0,8.0,17.0,132000.0,25.0
Binəqədi,8-ci Mikrorayon,2.0,72.0,7.0,14.0,226000.0,36.0
Binəqədi,9-cu Mikrorayon,3.0,109.0,8.0,9.0,242000.0,36.333333333333336
Binəqədi,Binəqədi,2.0,57.0,15.0,16.0,133000.0,28.5
Binəqədi,Binəqədi,2.0,64.0,4.0,5.0,145000.0,32.0
Binəqədi,7-ci Mikrorayon,3.0,101.0,8.0,16.0,251000.0,33.666666666666664
Binəqədi,Binəqədi,2.0,50.0,1.0,18.0,163000.0,25.0
Binəqədi,9-cu Mikrorayon,3.0,120.0,16.0,18.0,274000.0,40.0
Binəqədi,6-cı Mikrorayon,2.0,69.0,4.0,5.0,203000.0,34.5
Binəqədi,8-ci Mikrorayon,4.0,153.0,2.0,17.0,390000.0,38.25
Binəqədi,9-cu Mikrorayon,2.0,94.0,6.0,9.0,227000.0,47.0
Binəqədi,9-cu Mikrorayon,3.0,118.0,14.0,17.0,261000.0,39.333333333333336
Binəqədi,9-cu Mikrorayon,3.0,114.0,8.0,19.0,322000.0,38.0
Binəqədi,8-ci Mikrorayon,2.0,46.0,4.0,16.0,150000.0,23.0
Binəqədi,7-ci Mikrorayon,2.0,95.0,9.0,9.0,231000.0,47.5
Binəqədi,9-cu Mikrorayon,2.0,64.0,1.0,5.0,125000.0,32.0
Binəqədi,Biləcəri,4.0,133.0,9.0,10.0,211000.0,33.25
Binəqədi,28 May,3.0,96.0,14.0,18.0,326000.0,32.0
Binəqədi,8-ci Mikrorayon,3.0,70.0,7.0,18.0,192000.0,23.333333333333332
Binəqədi,6-cı Mikrorayon,4.0,123.0,11.0,17.0,300000.0,30.75
Binəqədi,7-ci Mikrorayon,2.0,70.0,4.0,16.0,193000.0,35.0
Binəqədi,9-cu Mikrorayon,2.0,84.0,3.0,19.0,235000.0,42.0
Binəqədi,7-ci Mikrorayon,2.0,69.0,10.0,13.0,152000.0,34.5
Binəqədi,28 May,3.0,96.0,6.0,17.0,309000.0,32.0
Binəqədi,6-cı Mikrorayon,2.0,45.0,5.0,19.0,114000.0,22.5
Binəqədi,8-ci Mikrorayon,3.0,98.0,6.0,16.0,251000.0,32.666666666666664
Binəqədi,7-ci Mikrorayon,3.0,80.0,15.0,18.0,221000.0,26.666666666666668
Binəqədi,8-ci Mikrorayon,3.0,87.0,18.0,19.0,302000.0,29.0
Binəqədi,6-cı Mikrorayon,3.0,104.0,7.0,14.0,250000.0,34.666666666666664
Binəqədi,Binəqədi,2.0,72.0,2.0,3.0,210000.0,36.0
Binəqədi,Biləcəri,2.0,92.0,14.0,15.0,205000.0,46.0
Binəqədi,6-cı Mikrorayon,2.0,58.0,5.0,5.0,136000.0,29.0
Binəqədi,7-ci Mikrorayon,3.0,88.0,9.0,16.0,291000.0,29.333333333333332
Binəqədi,6-cı Mikrorayon,3.0,96.0,3.0,5.0,287000.0,32.0
Binəqədi,7-ci Mikrorayon,3.0,123.0,7.0,9.0,291000.0,41.0
Binəqədi,7-ci Mikrorayon,3.0,110.0,3.0,18.0,311000.0,36.666666666666664
Binəqədi,8-ci Mikrorayon,3.0,107.0,1.0,5.0,325000.0,35.666666666666664
Binəqədi,7-ci Mikrorayon,2.0,79.0,4.0,13.0,241000.0,39.5
Binəqədi,7-ci Mikrorayon,2.0,80.0,5.0,16.0,225000.0,40.0
Binəqədi,6-cı Mikrorayon,2.0,95.0,1.0,19.0,203000.0,47.5
Binəqədi,Binəqədi,2.0,74.0,3.0,5.0,131000.0,37.0
Binəqədi,9-cu Mikrorayon,2.0,68.0,1.0,9.0,169000.0,34.0
Binəqədi,28 May,3.0,91.0,2.0,5.0,272000.0,30.333333333333332
Binəqədi,28 May,3.0,85.0,11.0,18.0,318000.0,28.333333333333332
Binəqədi,6-cı Mikrorayon,2.0,91.0,1.0,5.0,203000.0,45.5
Binəqədi,Biləcəri,3.0,78.0,2.0,10.0,146000.0,26.0
Binəqədi,9-cu Mikrorayon,3.0,116.0,3.0,9.0,366000.0,38.666666666666664
Binəqədi,28 May,4.0,92.0,13.0,17.0,296000.0,23.0
Binəqədi,7-ci Mikrorayon,3.0,85.0,10.0,16.0,264000.0,28.333333333333332
Binəqədi,7-ci Mikrorayon,3.0,102.0,7.0,9.0,227000.0,34.0
Binəqədi,Binəqədi,4.0,163.0,4.0,17.0,260000.0,40.75
Binəqədi,7-ci Mikrorayon,2.0,69.0,14.0,18.0,184000.0,34.5
Binəqədi,Binəqədi,1.0,63.0,1.0,3.0,107000.0,63.0
Binəqədi,Biləcəri,2.0,85.0,14.0,17.0,190000.0,42.5
Binəqədi,9-cu Mikrorayon,2.0,64.0,5.0,5.0,189000.0,32.0
Binəqədi,7-ci Mikrorayon,3.0,118.0,3.0,18.0,292000.0,39.333333333333336
Binəqədi,7-ci Mikrorayon,4.0,114.0,10.0,13.0,293000.0,28.5
Binəqədi,9-cu Mikrorayon,3.0,77.0,2.0,5.0,211000.0,25.666666666666668
Binəqədi,Binəqədi,3.0,120.0,6.0,16.0,260000.0,40.0
Binəqədi,6-cı Mikrorayon,4.0,142.0,9.0,18.0,320000.0,35.5
Binəqədi,8-ci Mikrorayon,2.0,81.0,6.0,9.0,231000.0,40.5
Binəqədi,9-cu Mikrorayon,2.0,92.0,1.0,19.0,203000.0,46.0
Xətai,Əhmədli,3.0,139.0,9.0,17.0,356000.0,46.333333333333336
Xətai,Köhnə Günəşli,3.0,81.0,9.0,16.0,178000.0,27.0
Xətai,Ağ Şəhər,3.0,121.0,16.0,18.0,384000.0,40.333333333333336
Xətai,Köhnə Günəşli,3.0,77.0,3.0,9.0,200000.0,25.666666666666668
Xətai,Əhmədli,4.0,145.0,7.0,10.0,328500.0,36.25
Xətai,Köhnə Günəşli,2.0,58.0,4.0,5.0,129000.0,29.0
Xətai,Əhmədli,3.0,136.0,10.0,11.0,371000.0,45.333333333333336
Xətai,Ağ Şəhər,3.0,126.0,8.0,8.0,718000.0,42.0
Xətai,Ağ Şəhər,3.0,125.0,10.0,18.0,536000.0,41.666666666666664
Xətai,Ağ Şəhər,3.0,88.0,18.0,20.0,497000.0,29.333333333333332
Xətai,Ağ Şəhər,4.0,153.0,10.0,16.0,581000.0,38.25
Xətai,Əhmədli,3.0,94.0,16.0,17.0,186000.0,31.333333333333332
Xətai,Köhnə Günəşli,3.0,70.0,6.0,9.0,142500.0,23.333333333333332
Xətai,Əhmədli,3.0,109.0,7.0,15.0,202000.0,36.333333333333336
Xətai,Əhmədli,4.0,153.0,5.0,16.0,283500.0,38.25
Xətai,Ağ Şəhər,2.0,59.0,13.0,16.0,302000.0,29.5
Xətai,Köhnə Günəşli,2.0,65.0,1.0,7.0,129000.0,32.5
Xətai,Ağ Şəhər,2.0,69.0,11.0,16.0,373000.0,34.5
Xətai,Köhnə Günəşli,3.0,78.0,4.0,9.0,192000.0,26.0
Xətai,Ağ Şəhər,5.0,216.0,2.0,7.0,1050000.0,43.2
Xətai,Ağ Şəhər,4.0,138.0,7.0,18.0,619000.0,34.5
Xətai,Köhnə Günəşli,4.0,110.0,3.0,5.0,248000.0,27.5
Xətai,Əhmədli,3.0,125.0,12.0,16.0,260000.0,41.666666666666664
Xətai,Ağ Şəhər,3.0,119.0,16.0,17.0,747000.0,39.666666666666664
Xətai,Köhnə Günəşli,3.0,79.0,4.0,9.0,197000.0,26.333333333333332
Xətai,Əhmədli,3.0,133.0,12.0,17.0,246000.0,44.333333333333336
Xətai,Köhnə Günəşli,3.0,79.0,7.0,16.0,174000.0,26.333333333333332
Xətai,Əhmədli,3.0,99.0,15.0,16.0,264000.0,33.0
Xətai,Əhmədli,4.0,143.0,13.0,16.0,348000.0,35.75
Xətai,Köhnə Günəşli,2.0,53.0,2.0,5.0,133000.0,26.5
Xətai,Ağ Şəhər,4.0,147.0,1.0,18.0,652000.0,36.75
Xətai,Köhnə Günəşli,3.0,89.0,3.0,7.0,193500.0,29.666666666666668
Xətai,Əhmədli,2.0,75.0,2.0,10.0,143000.0,37.5
Xətai,Ağ Şəhər,4.0,141.0,11.0,17.0,564500.0,35.25
Xətai,Əhmədli,2.0,77.0,3.0,15.0,230000.0,38.5
Xətai,Ağ Şəhər,5.0,178.0,3.0,20.0,1050000.0,35.6
Xətai,Köhnə Günəşli,2.0,55.0,7.0,7.0,116000.0,27.5
Xətai,Ağ Şəhər,3.0,131.0,11.0,17.0,583000.0,43.666666666666664
Xətai,Ağ Şəhər,2.0,61.0,18.0,18.0,329000.0,30.5
Xətai,Əhmədli,3.0,117.0,10.0,16.0,206000.0,39.0
Xətai,Əhmədli,2.0,76.0,3.0,9.0,178000.0,38.0
Xətai,Ağ Şəhər,3.0,101.0,2.0,17.0,552000.0,33.666666666666664
Xətai,Əhmədli,2.0,72.0,5.0,10.0,198000.0,36.0
Xətai,Ağ Şəhər,4.0,141.0,4.0,11.0,568000.0,35.25
Xətai,Əhmədli,3.0,112.0,5.0,11.0,196000.0,37.333333333333336
Xətai,Ağ Şəhər,4.0,149.0,7.0,18.0,712000.0,37.25
Xətai,Əhmədli,3.0,139.0,8.0,9.0,325000.0,46.333333333333336
Xətai,Köhnə Günəşli,2.0,64.0,8.0,9.0,118000.0,32.0
Xətai,Ağ Şəhər,2.0,57.0,6.0,11.0,230000.0,28.5
Xətai,Ağ Şəhər,3.0,128.0,4.0,8.0,732000.0,42.666666666666664
Xətai,Köhnə Günəşli,3.0,74.0,1.0,12.0,153000.0,24.666666666666668
Xətai,Köhnə Günəşli,4.0,116.0,5.0,5.0,266000.0,29.0
Xətai,Əhmədli,3.0,123.0,1.0,10.0,301000.0,41.0
Xətai,Əhmədli,3.0,120.0,7.0,10.0,329000.0,40.0
Xətai,Ağ Şəhər,4.0,141.0,1.0,7.0,499000.0,35.25
Xətai,Ağ Şəhər,4.0,151.0,4.0,7.0,702000.0,37.75
Xətai,Əhmədli,2.0,74.0,4.0,9.0,160000.0,37.0
Xətai,Ağ Şəhər,3.0,121.0,2.0,9.0,517000.0,40.333333333333336
Xətai,Ağ Şəhər,5.0,182.0,10.0,16.0,768000.0,36.4
Xətai,Əhmədli,3.0,89.0,5.0,11.0,187000.0,29.666666666666668
Xətai,Ağ Şəhər,4.0,171.0,16.0,17.0,813500.0,42.75
Xətai,Əhmədli,3.0,127.0,4.0,14.0,287000.0,42.333333333333336
Xətai,Əhmədli,4.0,146.0,1.0,9.0,373000.0,36.5
Xətai,Əhmədli,3.0,101.0,17.0,17.0,256000.0,33.666666666666664
Xətai,Köhnə Günəşli,3.0,79.0,6.0,7.0,207000.0,26.333333333333332
Xətai,Ağ Şəhər,5.0,204.0,4.0,6.0,1050000.0,40.8
Xətai,Ağ Şəhər,3.0,123.0,18.0,18.0,722000.0,41.0
Xətai,Köhnə Günəşli,3.0,70.0,2.0,16.0,154000.0,23.333333333333332
Xətai,Köhnə Günəşli,3.0,94.0,10.0,12.0,232000.0,31.333333333333332
Xətai,Ağ Şəhər,3.0,134.0,13.0,20.0,795000.0,44.666666666666664
Xətai,Ağ Şəhər,2.0,63.0,5.0,17.0,285000.0,31.5
Xətai,Ağ Şəhər,4.0,166.0,7.0,20.0,642000.0,41.5
Xətai,Əhmədli,3.0,133.0,8.0,11.0,317000.0,44.333333333333336
Xətai,Əhmədli,4.0,141.0,1.0,9.0,319000.0,35.25
Xətai,Ağ Şəhər,3.0,132.0,4.0,8.0,591000.0,44.0
Xətai,Əhmədli,4.0,149.0,7.0,17.0,350000.0,37.25
Xətai,Əhmədli,3.0,98.0,13.0,17.0,249000.0,32.666666666666664
Xətai,Ağ Şəhər,3.0,121.0,6.0,9.0,470000.0,40.333333333333336
Xətai,Ağ Şəhər,2.0,55.0,8.0,17.0,306000.0,27.5
Xətai,Köhnə Günəşli,3.0,87.0,5.0,9.0,210000.0,29.0
Xətai,Əhmədli,3.0,77.0,9.0,10.0,180000.0,25.666666666666668
Xətai,Əhmədli,3.0,78.0,6.0,16.0,219000.0,26.0
Xətai,Ağ Şəhər,4.0,158.0,14.0,19.0,1050000.0,39.5
Xətai,Köhnə Günəşli,3.0,80.0,3.0,16.0,163000.0,26.666666666666668
Xətai,Əhmədli,2.0,68.0,7.0,11.0,145000.0,34.0
Xətai,Ağ Şəhər,4.0,161.0,5.0,18.0,786000.0,40.25
Xətai,Köhnə Günəşli,4.0,114.0,1.0,5.0,222000.0,28.5
Xətai,Ağ Şəhər,4.0,180.0,2.0,9.0,985000.0,45.0
Xətai,Ağ Şəhər,3.0,112.0,2.0,16.0,480000.0,37.333333333333336
Xətai,Köhnə Günəşli,2.0,57.0,9.0,9.0,122000.0,28.5
Xətai,Ağ Şəhər,3.0,119.0,3.0,7.0,619000.0,39.666666666666664
Xətai,Əhmədli,3.0,114.0,11.0,14.0,284500.0,38.0
Xətai,Ağ Şəhər,4.0,155.0,6.0,16.0,472000.0,38.75
Xətai,Köhnə Günəşli,3.0,81.0,2.0,16.0,188000.0,27.0
Xətai,Əhmədli,3.0,106.0,8.0,10.0,262000.0,35.333333333333336
Xətai,Köhnə Günəşli,3.0,66.0,4.0,5.0,139000.0,22.0
Xətai,Əhmədli,3.0,87.0,11.0,14.0,138000.0,29.0
Xətai,Ağ Şəhər,3.0,111.0,14.0,17.0,418000.0,37.0
Xətai,Köhnə Günəşli,4.0,119.0,4.0,9.0,266000.0,29.75
Xətai,Ağ Şəhər,5.0,200.0,7.0,16.0,1050000.0,40.0
Xətai,Əhmədli,2.0,62.0,13.0,16.0,157000.0,31.0
Xətai,Əhmədli,3.0,92.0,12.0,17.0,194000.0,30.666666666666668
Xətai,Əhmədli,3.0,95.0,7.0,10.0,183000.0,31.666666666666668
Xətai,Ağ Şəhər,4.0,147.0,4.0,18.0,537000.0,36.75
Xətai,Ağ Şəhər,3.0,116.0,20.0,20.0,477000.0,38.666666666666664
Xətai,Köhnə Günəşli,2.0,60.0,8.0,9.0,120000.0,30.0
Xətai,Köhnə Günəşli,2.0,61.0,8.0,12.0,107000.0,30.5
Xətai,Əhmədli,2.0,63.0,1.0,16.0,167000.0,31.5
Xətai,Əhmədli,3.0,108.0,9.0,14.0,328000.0,36.0
Xətai,Əhmədli,4.0,172.0,11.0,15.0,376000.0,43.0
Xətai,Əhmədli,3.0,121.0,4.0,11.0,367000.0,40.333333333333336
Xətai,Ağ Şəhər,2.0,56.0,2.0,9.0,238000.0,28.0
Xətai,Ağ Şəhər,3.0,150.0,7.0,17.0,764000.0,50.0
Xətai,Ağ Şəhər,3.0,105.0,15.0,18.0,462000.0,35.0
Xətai,Əhmədli,3.0,79.0,6.0,11.0,184000.0,26.333333333333332
Xətai,Köhnə Günəşli,2.0,63.0,4.0,9.0,135000.0,31.5
Xətai,Köhnə Günəşli,3.0,74.0,6.0,16.0,173000.0,24.666666666666668
Xətai,Ağ Şəhər,4.0,157.0,6.0,7.0,850000.0,39.25
Xətai,Ağ Şəhər,4.0,157.0,14.0,18.0,735500.0,39.25
Xətai,Əhmədli,3.0,143.0,6.0,11.0,417000.0,47.666666666666664
Xətai,Köhnə Günəşli,3.0,68.0,1.0,12.0,149000.0,22.666666666666668
Xətai,Köhnə Günəşli,3.0,70.0,9.0,9.0,159000.0,23.333333333333332
Xətai,Əhmədli,3.0,122.0,2.0,16.0,294000.0,40.666666666666664
Xətai,Əhmədli,3.0,100.0,2.0,16.0,212000.0,33.333333333333336
Xətai,Ağ Şəhər,3.0,118.0,11.0,11.0,590000.0,39.333333333333336
Xətai,Əhmədli,2.0,58.0,4.0,17.0,125000.0,29.0
Xətai,Ağ Şəhər,3.0,132.0,8.0,8.0,503000.0,44.0
Xətai,Köhnə Günəşli,3.0,75.0,15.0,16.0,118000.0,25.0
Xətai,Ağ Şəhər,2.0,57.0,9.0,19.0,293000.0,28.5
Xətai,Köhnə Günəşli,3.0,82.0,2.0,16.0,169000.0,27.333333333333332
Xətai,Ağ Şəhər,4.0,145.0,6.0,7.0,691000.0,36.25
Xətai,Əhmədli,3.0,75.0,16.0,17.0,186000.0,25.0
Xətai,Ağ Şəhər,4.0,163.0,4.0,9.0,876000.0,40.75
Xətai,Ağ Şəhər,3.0,132.0,4.0,9.0,624000.0,44.0
Xətai,Əhmədli,4.0,164.0,2.0,11.0,430000.0,41.0
Xətai,Ağ Şəhər,2.0,62.0,13.0,19.0,283000.0,31.0
Xətai,Əhmədli,3.0,70.0,12.0,14.0,166000.0,23.333333333333332
Xətai,Ağ Şəhər,4.0,160.0,15.0,17.0,655000.0,40.0
Xətai,Ağ Şəhər,4.0,168.0,2.0,16.0,652500.0,42.0
Xətai,Əhmədli,2.0,72.0,6.0,15.0,191000.0,36.0
Xətai,Əhmədli,2.0,81.0,2.0,14.0,168000.0,40.5
Xətai,Ağ Şəhər,3.0,138.0,5.0,20.0,747000.0,46.0
Xətai,Əhmədli,3.0,101.0,5.0,9.0,202000.0,33.666666666666664
Xətai,Əhmədli,3.0,100.0,2.0,14.0,270000.0,33.333333333333336
Xətai,Köhnə Günəşli,3.0,77.0,3.0,7.0,193000.0,25.666666666666668
Xətai,Köhnə Günəşli,4.0,107.0,1.0,9.0,271000.0,26.75
Xətai,Köhnə Günəşli,3.0,70.0,3.0,5.0,169000.0,23.333333333333332
Xətai,Ağ Şəhər,4.0,153.0,7.0,8.0,1021000.0,38.25
Xətai,Ağ Şəhər,4.0,132.0,12.0,20.0,798000.0,33.0
Xətai,Ağ Şəhər,2.0,64.0,6.0,17.0,303000.0,32.0
Xətai,Köhnə Günəşli,3.0,74.0,5.0,16.0,186000.0,24.666666666666668
Xətai,Köhnə Günəşli,3.0,79.0,15.0,16.0,138000.0,26.333333333333332
Xətai,Əhmədli,2.0,71.0,9.0,15.0,169000.0,35.5
Xətai,Ağ Şəhər,3.0,121.0,16.0,17.0,451000.0,40.333333333333336
Xətai,Əhmədli,3.0,80.0,7.0,11.0,175000.0,26.666666666666668
Xətai,Ağ Şəhər,4.0,169.0,19.0,20.0,728000.0,42.25
Xətai,Köhnə Günəşli,2.0,64.0,5.0,5.0,140000.0,32.0
Xətai,Köhnə Günəşli,3.0,94.0,4.0,16.0,214000.0,31.333333333333332
Xətai,Ağ Şəhər,3.0,142.0,11.0,18.0,672000.0,47.333333333333336
Xətai,Əhmədli,3.0,102.0,4.0,11.0,229000.0,34.0
Xətai,Köhnə Günəşli,3.0,76.0,4.0,7.0,175000.0,25.333333333333332
Xətai,Əhmədli,4.0,164.0,5.0,11.0,403000.0,41.0
Xətai,Əhmədli,3.0,84.0,9.0,16.0,196000.0,28.0
Xətai,Əhmədli,3.0,83.0,1.0,14.0,189000.0,27.666666666666668
Xətai,Əhmədli,2.0,69.0,1.0,14.0,148000.0,34.5
Xətai,Köhnə Günəşli,3.0,80.0,1.0,7.0,147000.0,26.666666666666668
Xətai,Ağ Şəhər,3.0,123.0,15.0,16.0,638000.0,41.0
Xətai,Köhnə Günəşli,2.0,52.0,2.0,9.0,115000.0,26.0
Xətai,Əhmədli,3.0,110.0,10.0,11.0,301000.0,36.666666666666664
Xətai,Əhmədli,3.0,116.0,7.0,9.0,362000.0,38.666666666666664
Xətai,Əhmədli,4.0,166.0,8.0,11.0,430000.0,41.5
Xətai,Əhmədli,3.0,141.0,8.0,15.0,392000.0,47.0
Xətai,Əhmədli,3.0,120.0,6.0,11.0,308000.0,40.0
Xətai,Əhmədli,3.0,128.0,7.0,9.0,342000.0,42.666666666666664
Xətai,Köhnə Günəşli,3.0,63.0,7.0,12.0,130000.0,21.0
Xətai,Əhmədli,2.0,85.0,13.0,15.0,141500.0,42.5
Xətai,Ağ Şəhər,2.0,67.0,1.0,11.0,239000.0,33.5
Xətai,Ağ Şəhər,3.0,127.0,2.0,6.0,627000.0,42.333333333333336
Xətai,Əhmədli,4.0,169.0,5.0,17.0,359000.0,42.25
Xətai,Əhmədli,3.0,92.0,7.0,11.0,220000.0,30.666666666666668
Xətai,Köhnə Günəşli,2.0,65.0,2.0,5.0,151000.0,32.5
Xətai,Əhmədli,3.0,119.0,2.0,16.0,269000.0,39.666666666666664
Xətai,Əhmədli,3.0,123.0,1.0,9.0,194000.0,41.0
Xətai,Əhmədli,2.0,76.0,4.0,15.0,217000.0,38.0
Xətai,Ağ Şəhər,4.0,128.0,5.0,20.0,501000.0,32.0
Xətai,Əhmədli,3.0,86.0,1.0,10.0,177000.0,28.666666666666668
Xətai,Əhmədli,4.0,159.0,10.0,10.0,333000.0,39.75
Xətai,Ağ Şəhər,4.0,152.0,6.0,9.0,778000.0,38.0
Xətai,Ağ Şəhər,3.0,127.0,19.0,20.0,600000.0,42.333333333333336
Xətai,Əhmədli,3.0,88.0,16.0,17.0,177500.0,29.333333333333332
Xətai,Əhmədli,3.0,82.0,4.0,14.0,171000.0,27.333333333333332
Xətai,Ağ Şəhər,4.0,144.0,14.0,17.0,825000.0,36.0
Xətai,Ağ Şəhər,4.0,160.0,11.0,16.0,614000.0,40.0
Xətai,Köhnə Günəşli,3.0,68.0,1.0,5.0,123000.0,22.666666666666668
Xətai,Əhmədli,3.0,76.0,5.0,16.0,138000.0,25.333333333333332
Xətai,Əhmədli,3.0,109.0,11.0,11.0,216000.0,36.333333333333336
Xətai,Köhnə Günəşli,3.0,74.0,1.0,16.0,181000.0,24.666666666666668
Xətai,Köhnə Günəşli,2.0,58.0,2.0,5.0,118500.0,29.0
Xətai,Əhmədli,2.0,63.0,11.0,14.0,139000.0,31.5
Xətai,Əhmədli,3.0,122.0,12.0,17.0,329000.0,40.666666666666664
Xətai,Əhmədli,3.0,117.0,5.0,11.0,284000.0,39.0
Xətai,Əhmədli,4.0,144.0,15.0,15.0,406000.0,36.0
Xətai,Əhmədli,2.0,72.0,5.0,17.0,157000.0,36.0
Xətai,Əhmədli,2.0,61.0,8.0,11.0,142000.0,30.5
Xətai,Köhnə Günəşli,2.0,61.0,6.0,9.0,136000.0,30.5
Xətai,Köhnə Günəşli,3.0,67.0,14.0,16.0,122000.0,22.333333333333332
Xətai,Əhmədli,2.0,71.0,5.0,10.0,132000.0,35.5
Xətai,Ağ Şəhər,4.0,163.0,17.0,19.0,626000.0,40.75
Xətai,Köhnə Günəşli,3.0,77.0,4.0,5.0,156000.0,25.666666666666668
Xətai,Ağ Şəhər,4.0,181.0,6.0,7.0,1020000.0,45.25
Xətai,Əhmədli,3.0,114.0,9.0,10.0,333000.0,38.0
Xətai,Əhmədli,3.0,122.0,1.0,10.0,297000.0,40.666666666666664
Xətai,Ağ Şəhər,3.0,143.0,3.0,7.0,627000.0,47.666666666666664
Xətai,Ağ Şəhər,3.0,120.0,10.0,11.0,525500.0,40.0
Xətai,Əhmədli,3.0,126.0,12.0,14.0,322000.0,42.0
Xətai,Köhnə Günəşli,3.0,77.0,8.0,16.0,172000.0,25.666666666666668
Xətai,Əhmədli,3.0,96.0,3.0,17.0,257500.0,32.0
Xətai,Əhmədli,3.0,78.0,1.0,15.0,176000.0,26.0
Xətai,Əhmədli,3.0,95.0,13.0,16.0,238000.0,31.666666666666668
Xətai,Köhnə Günəşli,3.0,70.0,1.0,12.0,151000.0,23.333333333333332
Xətai,Köhnə Günəşli,2.0,71.0,6.0,9.0,117000.0,35.5
Xətai,Ağ Şəhər,2.0,61.0,6.0,17.0,230000.0,30.5
Xətai,Ağ Şəhər,4.0,176.0,2.0,18.0,1000000.0,44.0
Xətai,Köhnə Günəşli,3.0,76.0,3.0,5.0,206000.0,25.333333333333332
Xətai,Köhnə Günəşli,3.0,67.0,4.0,16.0,157000.0,22.333333333333332
Xətai,Köhnə Günəşli,3.0,73.0,1.0,9.0,155500.0,24.333333333333332
Xətai,Ağ Şəhər,4.0,163.0,5.0,19.0,983000.0,40.75
Xətai,Köhnə Günəşli,2.0,53.0,3.0,5.0,105000.0,26.5
Xətai,Köhnə Günəşli,2.0,70.0,6.0,9.0,130000.0,35.0
Xətai,Ağ Şəhər,3.0,100.0,12.0,18.0,587000.0,33.333333333333336
Xətai,Ağ Şəhər,3.0,131.0,6.0,7.0,509000.0,43.666666666666664
Xətai,Ağ Şəhər,4.0,158.0,3.0,7.0,961000.0,39.5
Xətai,Köhnə Günəşli,4.0,104.0,5.0,5.0,195500.0,26.0
Xətai,Əhmədli,4.0,147.0,10.0,15.0,354000.0,36.75
Xətai,Köhnə Günəşli,3.0,71.0,1.0,5.0,176000.0,23.666666666666668
Xətai,Ağ Şəhər,3.0,107.0,2.0,7.0,609000.0,35.666666666666664
Xətai,Ağ Şəhər,3.0,110.0,1.0,7.0,372000.0,36.666666666666664
Xətai,Köhnə Günəşli,2.0,54.0,7.0,7.0,105000.0,27.0
Xətai,Köhnə Günəşli,4.0,117.0,7.0,9.0,275000.0,29.25
Xətai,Əhmədli,3.0,82.0,4.0,16.0,220000.0,27.333333333333332
Xətai,Köhnə Günəşli,3.0,81.0,8.0,16.0,183000.0,27.0
Xətai,Əhmədli,3.0,110.0,5.0,15.0,255000.0,36.666666666666664
Xətai,Əhmədli,2.0,78.0,5.0,10.0,158000.0,39.0
Xətai,Köhnə Günəşli,3.0,89.0,11.0,16.0,187000.0,29.666666666666668
Xətai,Əhmədli,3.0,88.0,15.0,16.0,230000.0,29.333333333333332
Xətai,Əhmədli,3.0,102.0,1.0,15.0,196000.0,34.0
Xətai,Əhmədli,3.0,76.0,3.0,10.0,197000.0,25.333333333333332
Xətai,Əhmədli,3.0,90.0,12.0,15.0,231000.0,30.0
Xətai,Ağ Şəhər,3.0,133.0,1.0,7.0,504000.0,44.333333333333336
Xətai,Köhnə Günəşli,3.0,73.0,6.0,16.0,122000.0,24.333333333333332
Xəzər,Buzovna,1.0,48.0,1.0,3.0,75000.0,48.0
Xəzər,Buzovna,5.0,115.0,4.0,5.0,143000.0,23.0
Xəzər,Binə,2.0,64.0,1.0,2.0,101500.0,32.0
Xəzər,Binə,3.0,77.0,1.0,2.0,113500.0,25.666666666666668
Xəzər,Binə,2.0,75.0,1.0,4.0,81500.0,37.5
Xəzər,Binə,4.0,123.0,1.0,4.0,185500.0,30.75
Xəzər,Buzovna,5.0,134.0,3.0,3.0,225500.0,26.8
Xəzər,Buzovna,4.0,131.0,3.0,3.0,160000.0,32.75
Xəzər,Buzovna,4.0,100.0,1.0,3.0,150000.0,25.0
Xəzər,Buzovna,4.0,105.0,3.0,4.0,176500.0,26.25
Xəzər,Binə,4.0,126.0,1.0,2.0,162000.0,31.5
Xəzər,Binə,3.0,95.0,3.0,3.0,95000.0,31.666666666666668
Xəzər,Binə,1.0,45.0,3.0,5.0,39000.0,45.0
Xəzər,Mərdəkan,3.0,110.0,2.0,4.0,230500.0,36.666666666666664
Xəzər,Binə,4.0,114.0,2.0,3.0,124500.0,28.5
Xəzər,Mərdəkan,3.0,112.0,4.0,5.0,219500.0,37.333333333333336
Xəzər,Binə,5.0,118.0,1.0,5.0,158500.0,23.6
Xəzər,Mərdəkan,2.0,55.0,4.0,5.0,81000.0,27.5
Xəzər,Binə,3.0,89.0,1.0,4.0,108500.0,29.666666666666668
Xəzər,Buzovna,3.0,92.0,3.0,5.0,123500.0,30.666666666666668
Xəzər,Buzovna,3.0,91.0,2.0,5.0,129000.0,30.333333333333332
Xəzər,Mərdəkan,2.0,85.0,5.0,5.0,107000.0,42.5
Xəzər,Binə,2.0,75.0,2.0,2.0,73000.0,37.5
Xəzər,Binə,3.0,79.0,1.0,3.0,74500.0,26.333333333333332
Xəzər,Binə,3.0,64.0,1.0,3.0,98000.0,21.333333333333332
Xəzər,Mərdəkan,2.0,78.0,4.0,5.0,125500.0,39.0
Xəzər,Mərdəkan,3.0,110.0,4.0,4.0,237500.0,36.666666666666664
Xəzər,Binə,4.0,113.0,1.0,2.0,114500.0,28.25
Xəzər,Binə,3.0,74.0,1.0,3.0,61000.0,24.666666666666668
Xəzər,Binə,4.0,140.0,1.0,4.0,178500.0,35.0
Xəzər,Binə,3.0,94.0,3.0,3.0,151000.0,31.333333333333332
Xəzər,Binə,3.0,86.0,1.0,3.0,98500.0,28.666666666666668
Xəzər,Binə,3.0,63.0,1.0,2.0,79000.0,21.0
Xəzər,Mərdəkan,2.0,57.0,3.0,3.0,79000.0,28.5
Xəzər,Buzovna,2.0,62.0,2.0,3.0,118500.0,31.0
Xəzər,Binə,3.0,94.0,1.0,2.0,135500.0,31.333333333333332
Xəzər,Binə,3.0,73.0,1.0,5.0,84500.0,24.333333333333332
Xəzər,Binə,3.0,89.0,4.0,4.0,133500.0,29.666666666666668
Xəzər,Binə,2.0,75.0,1.0,2.0,102000.0,37.5
Xəzər,Binə,3.0,92.0,1.0,3.0,152000.0,30.666666666666668
Xəzər,Binə,2.0,64.0,1.0,2.0,63500.0,32.0
Xəzər,Mərdəkan,3.0,102.0,1.0,5.0,178500.0,34.0
Xəzər,Binə,3.0,93.0,3.0,4.0,105500.0,31.0
Xəzər,Binə,3.0,79.0,3.0,5.0,105000.0,26.333333333333332
Xəzər,Binə,3.0,66.0,1.0,2.0,81500.0,22.0
Xəzər,Binə,2.0,47.0,2.0,3.0,44500.0,23.5
Xəzər,Buzovna,3.0,94.0,5.0,5.0,143000.0,31.333333333333332
Xəzər,Mərdəkan,2.0,87.0,1.0,3.0,113500.0,43.5
Xəzər,Mərdəkan,4.0,104.0,3.0,4.0,200500.0,26.0
Xəzər,Mərdəkan,2.0,85.0,4.0,4.0,161000.0,42.5
Xəzər,Mərdəkan,2.0,85.0,3.0,4.0,86500.0,42.5
Xəzər,Binə,2.0,53.0,3.0,3.0,72000.0,26.5
Xəzər,Buzovna,2.0,85.0,2.0,5.0,112500.0,42.5
Xəzər,Mərdəkan,3.0,74.0,2.0,4.0,94500.0,24.666666666666668
Xəzər,Binə,4.0,140.0,2.0,2.0,156000.0,35.0
Xəzər,Buzovna,3.0,110.0,2.0,4.0,192500.0,36.666666666666664
Xəzər,Mərdəkan,5.0,142.0,1.0,4.0,250000.0,28.4
Xəzər,Mərdəkan,4.0,121.0,2.0,5.0,187000.0,30.25
Xəzər,Mərdəkan,2.0,47.0,2.0,4.0,95500.0,23.5
Xəzər,Mərdəkan,2.0,59.0,1.0,3.0,98500.0,29.5
Xəzər,Binə,2.0,47.0,3.0,4.0,76500.0,23.5
Xəzər,Binə,5.0,144.0,1.0,4.0,159000.0,28.8
Xəzər,Binə,5.0,126.0,1.0,2.0,184500.0,25.2
Xəzər,Binə,4.0,112.0,2.0,2.0,162500.0,28.0
Xəzər,Binə,4.0,85.0,2.0,3.0,94500.0,21.25
Xəzər,Mərdəkan,5.0,160.0,1.0,5.0,300000.0,32.0
Xəzər,Binə,2.0,58.0,4.0,4.0,76500.0,29.0
Xəzər,Buzovna,2.0,76.0,2.0,4.0,136000.0,38.0
Xəzər,Binə,3.0,60.0,3.0,4.0,77000.0,20.0
Xəzər,Mərdəkan,3.0,85.0,4.0,4.0,167500.0,28.333333333333332
Xəzər,Binə,3.0,70.0,2.0,2.0,91500.0,23.333333333333332
Xəzər,Binə,5.0,125.0,2.0,4.0,186000.0,25.0
Xəzər,Binə,1.0,50.0,2.0,2.0,50500.0,50.0
Xəzər,Mərdəkan,3.0,90.0,1.0,3.0,197500.0,30.0
Xəzər,Binə,4.0,134.0,2.0,2.0,145000.0,33.5
Xəzər,Mərdəkan,3.0,94.0,3.0,3.0,176000.0,31.333333333333332
Xəzər,Binə,2.0,59.0,4.0,4.0,89000.0,29.5
Xəzər,Buzovna,5.0,138.0,3.0,3.0,260000.0,27.6
Xəzər,Buzovna,4.0,135.0,4.0,4.0,219500.0,33.75
Xəzər,Binə,2.0,54.0,2.0,3.0,64500.0,27.0
Xəzər,Mərdəkan,2.0,54.0,2.0,3.0,90000.0,27.0
Xəzər,Mərdəkan,2.0,71.0,4.0,4.0,96000.0,35.5
Xəzər,Binə,3.0,61.0,4.0,5.0,66000.0,20.333333333333332
Xəzər,Binə,3.0,86.0,2.0,3.0,96000.0,28.666666666666668
Xəzər,Buzovna,1.0,50.0,4.0,5.0,75000.0,50.0
Xəzər,Mərdəkan,4.0,134.0,1.0,5.0,251500.0,33.5
Xəzər,Buzovna,1.0,60.0,2.0,4.0,108000.0,60.0
Xəzər,Binə,2.0,55.0,2.0,3.0,66500.0,27.5
Xəzər,Mərdəkan,3.0,113.0,3.0,4.0,165000.0,37.666666666666664
Xəzər,Binə,3.0,82.0,3.0,3.0,68000.0,27.333333333333332
Xəzər,Mərdəkan,5.0,145.0,3.0,3.0,218000.0,29.0
Xəzər,Binə,3.0,73.0,3.0,5.0,109000.0,24.333333333333332
Xəzər,Binə,3.0,67.0,2.0,3.0,54500.0,22.333333333333332
Xəzər,Mərdəkan,3.0,89.0,2.0,4.0,137500.0,29.666666666666668
Xəzər,Buzovna,3.0,81.0,3.0,5.0,160500.0,27.0
Xəzər,Mərdəkan,4.0,131.0,2.0,3.0,260500.0,32.75
Xəzər,Buzovna,2.0,75.0,1.0,4.0,131000.0,37.5
Xəzər,Mərdəkan,2.0,68.0,4.0,5.0,119500.0,34.0
Xəzər,Buzovna,4.0,136.0,4.0,4.0,222000.0,34.0
Xəzər,Mərdəkan,3.0,85.0,1.0,3.0,166500.0,28.333333333333332
Xəzər,Buzovna,4.0,131.0,4.0,5.0,182000.0,32.75
Xəzər,Buzovna,2.0,70.0,2.0,3.0,112500.0,35.0
Xəzər,Binə,4.0,129.0,1.0,4.0,161500.0,32.25
Xəzər,Binə,4.0,116.0,3.0,3.0,161500.0,29.0
Xəzər,Buzovna,1.0,49.0,2.0,3.0,75000.0,49.0
Xəzər,Binə,3.0,90.0,4.0,4.0,127000.0,30.0
Xəzər,Binə,3.0,79.0,2.0,4.0,78500.0,26.333333333333332
Xəzər,Binə,4.0,133.0,1.0,3.0,164000.0,33.25
Xəzər,Binə,3.0,93.0,1.0,4.0,126500.0,31.0
Xəzər,Binə,3.0,79.0,1.0,2.0,73500.0,26.333333333333332
Xəzər,Mərdəkan,3.0,109.0,3.0,3.0,234500.0,36.333333333333336
Xəzər,Binə,1.0,44.0,4.0,5.0,55000.0,44.0
Xəzər,Binə,1.0,50.0,1.0,2.0,69500.0,50.0
Xəzər,Binə,3.0,63.0,1.0,3.0,90500.0,21.0
Xəzər,Binə,2.0,62.0,5.0,5.0,74000.0,31.0
Xəzər,Mərdəkan,3.0,93.0,4.0,4.0,161500.0,31.0
Xəzər,Buzovna,3.0,81.0,3.0,3.0,108500.0,27.0
Xəzər,Buzovna,2.0,60.0,1.0,5.0,75000.0,30.0
Xəzər,Binə,3.0,90.0,1.0,4.0,100000.0,30.0
Xəzər,Mərdəkan,4.0,124.0,3.0,3.0,190500.0,31.0
Xəzər,Mərdəkan,3.0,107.0,2.0,3.0,165000.0,35.666666666666664
Xəzər,Binə,2.0,53.0,1.0,3.0,44500.0,26.5
Xəzər,Mərdəkan,3.0,101.0,4.0,4.0,149000.0,33.666666666666664
Xəzər,Buzovna,4.0,112.0,5.0,5.0,186000.0,28.0
Xəzər,Binə,1.0,48.0,3.0,4.0,35000.0,48.0
Xəzər,Binə,3.0,61.0,1.0,4.0,77500.0,20.333333333333332
Xəzər,Buzovna,4.0,112.0,3.0,3.0,195000.0,28.0
Xəzər,Mərdəkan,5.0,180.0,4.0,4.0,300000.0,36.0
Xəzər,Buzovna,4.0,116.0,4.0,4.0,194000.0,29.0
Xəzər,Mərdəkan,4.0,130.0,2.0,3.0,187000.0,32.5
Xəzər,Binə,2.0,69.0,5.0,5.0,76500.0,34.5
Xəzər,Buzovna,3.0,101.0,1.0,3.0,159500.0,33.666666666666664
Xəzər,Buzovna,3.0,103.0,1.0,3.0,161000.0,34.333333333333336
Xəzər,Binə,2.0,73.0,1.0,5.0,67500.0,36.5
Xəzər,Mərdəkan,2.0,45.0,4.0,5.0,75000.0,22.5
Xəzər,Mərdəkan,4.0,124.0,3.0,3.0,195000.0,31.0
Xəzər,Mərdəkan,2.0,90.0,4.0,4.0,161500.0,45.0
Xəzər,Binə,3.0,84.0,3.0,3.0,95500.0,28.0
Xəzər,Mərdəkan,2.0,71.0,3.0,4.0,82500.0,35.5
Xəzər,Mərdəkan,4.0,132.0,4.0,5.0,207500.0,33.0
Xəzər,Buzovna,3.0,110.0,4.0,5.0,170500.0,36.666666666666664
Xəzər,Mərdəkan,5.0,150.0,4.0,5.0,285000.0,30.0
Xəzər,Mərdəkan,2.0,75.0,4.0,5.0,142500.0,37.5
Xəzər,Mərdəkan,3.0,74.0,1.0,4.0,112000.0,24.666666666666668
Xəzər,Mərdəkan,2.0,51.0,1.0,4.0,123000.0,25.5
Xəzər,Buzovna,4.0,121.0,2.0,5.0,178000.0,30.25
Xəzər,Mərdəkan,2.0,84.0,4.0,5.0,143000.0,42.0
Xəzər,Mərdəkan,4.0,149.0,4.0,5.0,274000.0,37.25
Xəzər,Mərdəkan,4.0,150.0,1.0,5.0,283000.0,37.5
Xəzər,Binə,3.0,78.0,3.0,3.0,90500.0,26.0
Xəzər,Mərdəkan,4.0,140.0,2.0,3.0,239000.0,35.0
Xəzər,Binə,1.0,45.0,2.0,2.0,55500.0,45.0
Xəzər,Buzovna,2.0,68.0,2.0,5.0,82000.0,34.0
Xəzər,Binə,4.0,124.0,2.0,3.0,182000.0,31.0
Xəzər,Binə,3.0,89.0,1.0,4.0,141500.0,29.666666666666668
Xəzər,Mərdəkan,3.0,75.0,2.0,3.0,138500.0,25.0
Xəzər,Binə,5.0,154.0,4.0,4.0,220000.0,30.8
Xəzər,Binə,3.0,90.0,1.0,2.0,111500.0,30.0
Xəzər,Buzovna,5.0,128.0,3.0,3.0,200500.0,25.6
Xəzər,Binə,4.0,134.0,2.0,2.0,197000.0,33.5
Xəzər,Mərdəkan,2.0,67.0,3.0,3.0,110500.0,33.5
Xəzər,Binə,4.0,134.0,3.0,3.0,127000.0,33.5
Xəzər,Binə,3.0,83.0,1.0,3.0,122500.0,27.666666666666668
Xəzər,Binə,3.0,72.0,3.0,3.0,109500.0,24.0
Xəzər,Buzovna,5.0,163.0,2.0,3.0,260000.0,32.6
Xəzər,Mərdəkan,2.0,66.0,2.0,3.0,75000.0,33.0
Xəzər,Mərdəkan,2.0,88.0,4.0,5.0,161000.0,44.0
Xəzər,Binə,3.0,76.0,2.0,2.0,88000.0,25.333333333333332
Xəzər,Buzovna,4.0,118.0,3.0,3.0,181000.0,29.5
Xəzər,Binə,4.0,120.0,2.0,4.0,153000.0,30.0
Xəzər,Buzovna,3.0,94.0,4.0,5.0,116500.0,31.333333333333332
Xəzər,Binə,1.0,50.0,1.0,2.0,68500.0,50.0
Xəzər,Binə,3.0,94.0,5.0,5.0,121000.0,31.333333333333332
Xəzər,Mərdəkan,3.0,96.0,4.0,5.0,132000.0,32.0
Xəzər,Buzovna,2.0,69.0,2.0,3.0,93000.0,34.5
Xəzər,Buzovna,5.0,132.0,2.0,3.0,196500.0,26.4
Xəzər,Mərdəkan,5.0,178.0,3.0,3.0,300000.0,35.6
Xəzər,Buzovna,5.0,113.0,2.0,4.0,181500.0,22.6
Xəzər,Binə,4.0,120.0,3.0,3.0,132500.0,30.0
Xəzər,Binə,2.0,73.0,2.0,2.0,92500.0,36.5
Xəzər,Mərdəkan,3.0,76.0,3.0,3.0,82500.0,25.333333333333332
Xəzər,Binə,4.0,100.0,1.0,4.0,110000.0,25.0
Xəzər,Binə,4.0,118.0,1.0,2.0,161500.0,29.5
Xəzər,Mərdəkan,3.0,71.0,2.0,4.0,116500.0,23.666666666666668
Xəzər,Mərdəkan,4.0,137.0,3.0,5.0,275500.0,34.25
Xəzər,Mərdəkan,2.0,75.0,4.0,4.0,126500.0,37.5
Xəzər,Buzovna,5.0,114.0,2.0,3.0,187500.0,22.8
Xəzər,Binə,2.0,65.0,4.0,4.0,98000.0,32.5
Xəzər,Binə,3.0,87.0,1.0,2.0,120500.0,29.0
Xəzər,Buzovna,5.0,136.0,4.0,4.0,222500.0,27.2
Xəzər,Mərdəkan,2.0,65.0,3.0,5.0,91000.0,32.5
Xəzər,Buzovna,3.0,80.0,1.0,3.0,105500.0,26.666666666666668
Xəzər,Mərdəkan,3.0,73.0,1.0,5.0,149500.0,24.333333333333332
Xəzər,Buzovna,4.0,121.0,4.0,4.0,199500.0,30.25
Xəzər,Mərdəkan,3.0,87.0,3.0,3.0,147000.0,29.0
Xəzər,Binə,3.0,66.0,3.0,4.0,70000.0,22.0
Xəzər,Buzovna,4.0,130.0,5.0,5.0,241000.0,32.5
Xəzər,Buzovna,3.0,92.0,1.0,3.0,130000.0,30.666666666666668
Xəzər,Mərdəkan,2.0,56.0,3.0,3.0,106000.0,28.0
Xəzər,Binə,4.0,86.0,1.0,2.0,114000.0,21.5
Xəzər,Buzovna,2.0,64.0,3.0,5.0,122000.0,32.0
Xəzər,Buzovna,5.0,119.0,3.0,3.0,150000.0,23.8
Xəzər,Binə,3.0,91.0,4.0,5.0,100000.0,30.333333333333332
Xəzər,Mərdəkan,2.0,72.0,2.0,3.0,160000.0,36.0
Xəzər,Buzovna,3.0,94.0,1.0,3.0,158000.0,31.333333333333332
Xəzər,Binə,2.0,75.0,1.0,3.0,99000.0,37.5
Xəzər,Binə,2.0,60.0,2.0,5.0,69000.0,30.0
Xəzər,Buzovna,2.0,72.0,3.0,5.0,98000.0,36.0
Xəzər,Mərdəkan,2.0,46.0,1.0,4.0,82000.0,23.0
Xəzər,Buzovna,3.0,101.0,1.0,4.0,131000.0,33.666666666666664
Xəzər,Mərdəkan,2.0,84.0,3.0,4.0,117000.0,42.0
Xəzər,Mərdəkan,2.0,82.0,1.0,4.0,166000.0,41.0
Xəzər,Binə,2.0,55.0,1.0,3.0,55500.0,27.5
Xəzər,Buzovna,2.0,79.0,3.0,4.0,150500.0,39.5
Xəzər,Mərdəkan,2.0,54.0,2.0,4.0,90500.0,27.0
Xəzər,Binə,4.0,89.0,3.0,3.0,126500.0,22.25
Xəzər,Mərdəkan,4.0,123.0,5.0,5.0,268000.0,30.75
Xəzər,Mərdəkan,2.0,85.0,2.0,4.0,125500.0,42.5
Xəzər,Buzovna,4.0,145.0,1.0,4.0,232000.0,36.25
Xəzər,Binə,3.0,62.0,2.0,2.0,88500.0,20.666666666666668
Xəzər,Binə,4.0,139.0,2.0,2.0,160000.0,34.75
Xəzər,Buzovna,4.0,136.0,2.0,3.0,239500.0,34.0
Xəzər,Buzovna,5.0,138.0,2.0,3.0,233500.0,27.6
Xəzər,Buzovna,2.0,62.0,4.0,5.0,105000.0,31.0
Xəzər,Buzovna,2.0,66.0,4.0,4.0,96000.0,33.0
Xəzər,Buzovna,2.0,75.0,3.0,5.0,97500.0,37.5
Xəzər,Binə,3.0,78.0,2.0,4.0,79000.0,26.0
Xəzər,Buzovna,2.0,66.0,4.0,4.0,103500.0,33.0
Xəzər,Mərdəkan,2.0,80.0,3.0,4.0,130000.0,40.0
Xəzər,Mərdəkan,5.0,187.0,3.0,3.0,300000.0,37.4
Xəzər,Buzovna,1.0,49.0,1.0,3.0,77000.0,49.0
Xəzər,Binə,5.0,119.0,2.0,2.0,169500.0,23.8
Xəzər,Buzovna,3.0,108.0,3.0,3.0,176500.0,36.0
Xəzər,Binə,3.0,70.0,3.0,3.0,89500.0,23.333333333333332
Xəzər,Mərdəkan,2.0,68.0,2.0,5.0,131000.0,34.0
Xəzər,Binə,4.0,113.0,3.0,3.0,131000.0,28.25
Xəzər,Mərdəkan,4.0,148.0,2.0,3.0,300000.0,37.0
Xəzər,Mərdəkan,3.0,83.0,4.0,4.0,149000.0,27.666666666666668
Xəzər,Binə,3.0,76.0,2.0,2.0,115500.0,25.333333333333332
Xəzər,Buzovna,2.0,82.0,1.0,5.0,97500.0,41.0
Xəzər,Mərdəkan,2.0,77.0,2.0,3.0,138500.0,38.5
Xəzər,Binə,3.0,82.0,2.0,2.0,90500.0,27.333333333333332
Xəzər,Buzovna,2.0,57.0,2.0,4.0,75000.0,28.5
Xəzər,Mərdəkan,4.0,136.0,2.0,4.0,185000.0,34.0
Xəzər,Binə,4.0,129.0,3.0,3.0,175000.0,32.25
Xəzər,Buzovna,5.0,111.0,2.0,4.0,196500.0,22.2
Xəzər,Buzovna,4.0,128.0,1.0,4.0,221500.0,32.0
Xəzər,Binə,2.0,52.0,5.0,5.0,47500.0,26.0
Xəzər,Binə,4.0,123.0,1.0,2.0,164000.0,30.75
Xəzər,Binə,1.0,46.0,3.0,3.0,45500.0,46.0
Qaradağ,Lökbatan,2.0,68.0,8.0,8.0,122500.0,34.0
Qaradağ,Lökbatan,2.0,66.0,8.0,9.0,71000.0,33.0
Qaradağ,Lökbatan,3.0,66.0,12.0,16.0,131000.0,22.0
Qaradağ,Müşfiqabad,5.0,106.0,1.0,9.0,137000.0,21.2
Qaradağ,Müşfiqabad,4.0,80.0,6.0,6.0,117500.0,20.0
Qaradağ,Sahil,4.0,94.0,1.0,3.0,151000.0,23.5
Qaradağ,Müşfiqabad,4.0,90.0,2.0,7.0,128500.0,22.5
Qaradağ,Lökbatan,3.0,70.0,3.0,9.0,120000.0,23.333333333333332
Qaradağ,Lökbatan,3.0,96.0,6.0,10.0,146000.0,32.0
Qaradağ,Lökbatan,1.0,43.0,14.0,15.0,65000.0,43.0
Qaradağ,Lökbatan,1.0,54.0,3.0,18.0,69000.0,54.0
Qaradağ,Sahil,3.0,95.0,7.0,7.0,169500.0,31.666666666666668
Qaradağ,Lökbatan,2.0,65.0,1.0,4.0,84000.0,32.5
Qaradağ,Müşfiqabad,3.0,63.0,4.0,8.0,65000.0,21.0
Qaradağ,Lökbatan,1.0,39.0,3.0,9.0,65000.0,39.0
Qaradağ,Müşfiqabad,3.0,83.0,6.0,7.0,125000.0,27.666666666666668
Qaradağ,Lökbatan,5.0,113.0,5.0,7.0,184500.0,22.6
Qaradağ,Lökbatan,2.0,74.0,1.0,5.0,143500.0,37.0
Qaradağ,Lökbatan,2.0,56.0,8.0,12.0,79000.0,28.0
Qaradağ,Lökbatan,2.0,62.0,8.0,8.0,99000.0,31.0
Qaradağ,Müşfiqabad,3.0,75.0,1.0,5.0,87500.0,25.0
Qaradağ,Müşfiqabad,3.0,81.0,1.0,7.0,129000.0,27.0
Qaradağ,Lökbatan,3.0,89.0,15.0,17.0,132000.0,29.666666666666668
Qaradağ,Lökbatan,3.0,72.0,3.0,4.0,106500.0,24.0
Qaradağ,Müşfiqabad,4.0,95.0,1.0,3.0,128500.0,23.75
Qaradağ,Lökbatan,3.0,88.0,1.0,3.0,157500.0,29.333333333333332
Qaradağ,Müşfiqabad,2.0,65.0,8.0,9.0,97500.0,32.5
Qaradağ,Müşfiqabad,2.0,68.0,1.0,4.0,82500.0,34.0
Qaradağ,Sahil,3.0,94.0,4.0,9.0,146500.0,31.333333333333332
Qaradağ,Lökbatan,3.0,96.0,3.0,9.0,150000.0,32.0
Qaradağ,Müşfiqabad,2.0,51.0,3.0,4.0,81500.0,25.5
Qaradağ,Lökbatan,2.0,70.0,12.0,15.0,92500.0,35.0
Qaradağ,Müşfiqabad,4.0,87.0,1.0,8.0,92500.0,21.75
Qaradağ,Lökbatan,1.0,40.0,3.0,10.0,65000.0,40.0
Qaradağ,Sahil,3.0,73.0,10.0,14.0,139500.0,24.333333333333332
Qaradağ,Lökbatan,2.0,54.0,6.0,15.0,89000.0,27.0
Qaradağ,Sahil,3.0,75.0,5.0,7.0,94000.0,25.0
Qaradağ,Lökbatan,3.0,92.0,6.0,17.0,107500.0,30.666666666666668
Qaradağ,Müşfiqabad,5.0,96.0,2.0,9.0,107000.0,19.2
Qaradağ,Lökbatan,2.0,74.0,10.0,11.0,118000.0,37.0
Qaradağ,Lökbatan,2.0,78.0,10.0,13.0,139500.0,39.0
Qaradağ,Lökbatan,5.0,137.0,2.0,13.0,197500.0,27.4
Qaradağ,Sahil,4.0,89.0,1.0,14.0,142500.0,22.25
Qaradağ,Sahil,4.0,119.0,5.0,12.0,180000.0,29.75
Qaradağ,Lökbatan,2.0,76.0,2.0,4.0,129500.0,38.0
Qaradağ,Müşfiqabad,5.0,110.0,7.0,8.0,160000.0,22.0
Qaradağ,Sahil,1.0,45.0,5.0,7.0,87500.0,45.0
Qaradağ,Lökbatan,3.0,97.0,10.0,12.0,158000.0,32.333333333333336
Qaradağ,Lökbatan,1.0,47.0,6.0,6.0,81000.0,47.0
Qaradağ,Lökbatan,3.0,93.0,2.0,6.0,151000.0,31.0
Qaradağ,Lökbatan,2.0,56.0,9.0,14.0,105500.0,28.0
Qaradağ,Sahil,2.0,61.0,6.0,13.0,99500.0,30.5
Qaradağ,Lökbatan,3.0,67.0,12.0,16.0,117500.0,22.333333333333332
Qaradağ,Lökbatan,3.0,95.0,6.0,14.0,158500.0,31.666666666666668
Qaradağ,Lökbatan,3.0,75.0,3.0,8.0,115500.0,25.0
Qaradağ,Müşfiqabad,5.0,124.0,5.0,6.0,159000.0,24.8
Qaradağ,Lökbatan,1.0,30.0,6.0,8.0,65000.0,30.0
Qaradağ,Lökbatan,2.0,58.0,2.0,6.0,107500.0,29.0
Qaradağ,Sahil,2.0,65.0,11.0,14.0,124500.0,32.5
Qaradağ,Müşfiqabad,4.0,97.0,1.0,7.0,148500.0,24.25
Qaradağ,Lökbatan,2.0,62.0,3.0,8.0,114000.0,31.0
Qaradağ,Sahil,2.0,65.0,4.0,4.0,102500.0,32.5
Qaradağ,Lökbatan,3.0,90.0,11.0,17.0,156500.0,30.0
Qaradağ,Sahil,2.0,70.0,3.0,4.0,83500.0,35.0
Qaradağ,Lökbatan,4.0,115.0,11.0,18.0,230000.0,28.75
Qaradağ,Müşfiqabad,4.0,77.0,4.0,8.0,125500.0,19.25
Qaradağ,Müşfiqabad,3.0,65.0,9.0,9.0,74000.0,21.666666666666668
Qaradağ,Lökbatan,2.0,69.0,4.0,5.0,124500.0,34.5
Qaradağ,Sahil,4.0,82.0,1.0,7.0,136000.0,20.5
Qaradağ,Sahil,3.0,61.0,12.0,13.0,70000.0,20.333333333333332
Qaradağ,Lökbatan,2.0,53.0,1.0,8.0,79500.0,26.5
Qaradağ,Müşfiqabad,3.0,71.0,5.0,5.0,72000.0,23.666666666666668
Qaradağ,Sahil,2.0,69.0,5.0,6.0,103500.0,34.5
Qaradağ,Lökbatan,3.0,72.0,17.0,18.0,96500.0,24.0
Qaradağ,Sahil,2.0,51.0,4.0,9.0,70000.0,25.5
Qaradağ,Sahil,3.0,89.0,3.0,5.0,144000.0,29.666666666666668
Qaradağ,Lökbatan,4.0,114.0,1.0,3.0,168500.0,28.5
Qaradağ,Müşfiqabad,3.0,85.0,4.0,8.0,91000.0,28.333333333333332
Qaradağ,Müşfiqabad,3.0,80.0,8.0,9.0,96000.0,26.666666666666668
Qaradağ,Lökbatan,1.0,31.0,11.0,11.0,65000.0,31.0
Qaradağ,Sahil,3.0,71.0,2.0,4.0,109500.0,23.666666666666668
Qaradağ,Sahil,1.0,48.0,2.0,3.0,80000.0,48.0
Qaradağ,Müşfiqabad,3.0,77.0,1.0,8.0,118000.0,25.666666666666668
Qaradağ,Sahil,2.0,75.0,3.0,11.0,87000.0,37.5
Qaradağ,Sahil,4.0,90.0,3.0,13.0,146000.0,22.5
Qaradağ,Müşfiqabad,2.0,64.0,5.0,5.0,77000.0,32.0
Qaradağ,Lökbatan,3.0,69.0,12.0,16.0,102000.0,23.0
Qaradağ,Müşfiqabad,1.0,47.0,3.0,3.0,60000.0,47.0
Qaradağ,Müşfiqabad,2.0,67.0,1.0,5.0,90000.0,33.5
Qaradağ,Lökbatan,1.0,37.0,2.0,5.0,65000.0,37.0
Qaradağ,Sahil,3.0,93.0,8.0,10.0,142000.0,31.0
Qaradağ,Lökbatan,4.0,87.0,9.0,14.0,126000.0,21.75
Qaradağ,Lökbatan,2.0,59.0,1.0,3.0,65000.0,29.5
Qaradağ,Müşfiqabad,2.0,57.0,4.0,7.0,89500.0,28.5
Qaradağ,Lökbatan,3.0,78.0,1.0,9.0,129500.0,26.0
Qaradağ,Lökbatan,3.0,87.0,16.0,17.0,155000.0,29.0
Qaradağ,Lökbatan,3.0,74.0,5.0,15.0,143500.0,24.666666666666668
Qaradağ,Sahil,4.0,118.0,6.0,8.0,172500.0,29.5
Qaradağ,Müşfiqabad,3.0,77.0,3.0,3.0,106500.0,25.666666666666668
Qaradağ,Sahil,3.0,81.0,1.0,9.0,118500.0,27.0
Qaradağ,Lökbatan,3.0,72.0,2.0,3.0,133000.0,24.0
Qaradağ,Lökbatan,4.0,99.0,7.0,8.0,150000.0,24.75
Qaradağ,Lökbatan,1.0,55.0,14.0,14.0,92500.0,55.0
Qaradağ,Müşfiqabad,2.0,61.0,2.0,4.0,86500.0,30.5
Qaradağ,Müşfiqabad,2.0,49.0,4.0,7.0,60000.0,24.5
Qaradağ,Lökbatan,2.0,59.0,1.0,7.0,101000.0,29.5
Qaradağ,Lökbatan,2.0,58.0,11.0,18.0,110500.0,29.0
Qaradağ,Sahil,3.0,76.0,1.0,3.0,125500.0,25.333333333333332
Qaradağ,Müşfiqabad,4.0,92.0,4.0,5.0,110000.0,23.0
Qaradağ,Sahil,2.0,68.0,5.0,7.0,118000.0,34.0
Qaradağ,Lökbatan,2.0,76.0,2.0,3.0,105000.0,38.0
Qaradağ,Müşfiqabad,2.0,65.0,1.0,3.0,90000.0,32.5
Qaradağ,Müşfiqabad,3.0,67.0,4.0,7.0,95500.0,22.333333333333332
Qaradağ,Lökbatan,3.0,81.0,14.0,15.0,128000.0,27.0
Qaradağ,Sahil,3.0,92.0,2.0,3.0,149000.0,30.666666666666668
Qaradağ,Sahil,3.0,76.0,4.0,5.0,95500.0,25.333333333333332
Qaradağ,Lökbatan,2.0,71.0,7.0,12.0,123500.0,35.5
Qaradağ,Lökbatan,2.0,52.0,8.0,16.0,84000.0,26.0
Qaradağ,Sahil,2.0,46.0,5.0,6.0,73000.0,23.0
Qaradağ,Müşfiqabad,1.0,44.0,1.0,5.0,60000.0,44.0
Qaradağ,Sahil,2.0,74.0,3.0,7.0,146000.0,37.0
Qaradağ,Sahil,4.0,94.0,5.0,5.0,169500.0,23.5
Qaradağ,Sahil,2.0,73.0,3.0,11.0,106500.0,36.5
Qaradağ,Lökbatan,3.0,88.0,1.0,9.0,122000.0,29.333333333333332
Qaradağ,Lökbatan,2.0,55.0,9.0,13.0,71000.0,27.5
Qaradağ,Müşfiqabad,4.0,101.0,1.0,8.0,131500.0,25.25
Qaradağ,Lökbatan,2.0,57.0,3.0,16.0,110000.0,28.5
Qaradağ,Müşfiqabad,3.0,76.0,4.0,6.0,107500.0,25.333333333333332
Qaradağ,Lökbatan,1.0,55.0,3.0,5.0,68000.0,55.0
Qaradağ,Sahil,2.0,60.0,14.0,14.0,97500.0,30.0
Qaradağ,Sahil,3.0,73.0,4.0,9.0,97500.0,24.333333333333332
Qaradağ,Sahil,2.0,65.0,11.0,14.0,96000.0,32.5
Qaradağ,Lökbatan,3.0,71.0,2.0,4.0,121500.0,23.666666666666668
Qaradağ,Sahil,3.0,64.0,2.0,14.0,79000.0,21.333333333333332
Qaradağ,Müşfiqabad,3.0,66.0,1.0,6.0,86500.0,22.0
Qaradağ,Lökbatan,2.0,54.0,2.0,6.0,72000.0,27.0
Qaradağ,Lökbatan,4.0,95.0,1.0,16.0,160500.0,23.75
Qaradağ,Lökbatan,1.0,36.0,6.0,15.0,65000.0,36.0
Qaradağ,Lökbatan,1.0,49.0,3.0,3.0,103500.0,49.0
Qaradağ,Sahil,3.0,82.0,2.0,9.0,171500.0,27.333333333333332
Qaradağ,Lökbatan,5.0,138.0,1.0,9.0,211500.0,27.6
Qaradağ,Sahil,4.0,120.0,1.0,10.0,169000.0,30.0
Qaradağ,Müşfiqabad,5.0,110.0,2.0,4.0,160000.0,22.0
Qaradağ,Lökbatan,5.0,115.0,7.0,8.0,167500.0,23.0
Qaradağ,Sahil,3.0,75.0,3.0,8.0,95000.0,25.0
Qaradağ,Müşfiqabad,4.0,80.0,3.0,6.0,125500.0,20.0
Qaradağ,Müşfiqabad,4.0,114.0,1.0,8.0,132000.0,28.5
Qaradağ,Sahil,3.0,60.0,13.0,13.0,90500.0,20.0
Qaradağ,Lökbatan,2.0,50.0,6.0,8.0,94000.0,25.0
Qaradağ,Müşfiqabad,3.0,64.0,3.0,6.0,80000.0,21.333333333333332
Nərimanov,Böyükşor,2.0,91.0,7.0,14.0,353000.0,45.5
Nərimanov,Böyükşor,3.0,143.0,8.0,16.0,523500.0,47.666666666666664
Nərimanov,Böyükşor,4.0,167.0,7.0,15.0,641500.0,41.75
Nərimanov,Böyükşor,2.0,108.0,13.0,16.0,432000.0,54.0
Nərimanov,Böyükşor,3.0,168.0,6.0,18.0,698500.0,56.0
Nərimanov,Böyükşor,3.0,156.0,15.0,15.0,631500.0,52.0
Nərimanov,Böyükşor,2.0,83.0,14.0,18.0,240000.0,41.5
Nərimanov,Böyükşor,4.0,195.0,10.0,18.0,649500.0,48.75
Nərimanov,Böyükşor,4.0,217.0,11.0,19.0,770000.0,54.25
Nərimanov,Böyükşor,5.0,195.0,15.0,17.0,584000.0,39.0
Nərimanov,Böyükşor,2.0,112.0,7.0,16.0,403000.0,56.0
Nərimanov,Böyükşor,2.0,86.0,2.0,18.0,295000.0,43.0
Nərimanov,Böyükşor,4.0,209.0,1.0,14.0,626500.0,52.25
Nərimanov,Böyükşor,4.0,204.0,7.0,16.0,642500.0,51.0
Nərimanov,Böyükşor,4.0,223.0,4.0,15.0,775500.0,55.75
Nərimanov,Böyükşor,5.0,196.0,10.0,18.0,623500.0,39.2
Nərimanov,Böyükşor,4.0,162.0,3.0,12.0,483500.0,40.5
Nərimanov,Böyükşor,3.0,164.0,6.0,18.0,560000.0,54.666666666666664
Nərimanov,Böyükşor,4.0,220.0,16.0,17.0,713000.0,55.0
Nərimanov,Böyükşor,2.0,94.0,6.0,16.0,374500.0,47.0
Nərimanov,Böyükşor,3.0,135.0,12.0,13.0,537000.0,45.0
Nərimanov,Böyükşor,5.0,236.0,12.0,18.0,672000.0,47.2
Nərimanov,Böyükşor,2.0,99.0,4.0,13.0,377500.0,49.5
Nərimanov,Böyükşor,3.0,104.0,1.0,17.0,358500.0,34.666666666666664
Nərimanov,Böyükşor,4.0,221.0,9.0,13.0,654500.0,55.25
Nərimanov,Böyükşor,3.0,120.0,15.0,17.0,363000.0,40.0
Nərimanov,Böyükşor,3.0,109.0,11.0,12.0,435000.0,36.333333333333336
Nərimanov,Böyükşor,4.0,152.0,3.0,15.0,440000.0,38.0
Nərimanov,Böyükşor,4.0,143.0,7.0,18.0,516000.0,35.75
Nərimanov,Böyükşor,3.0,132.0,14.0,17.0,477000.0,44.0
Nərimanov,Böyükşor,5.0,243.0,5.0,15.0,655000.0,48.6
Nərimanov,Böyükşor,2.0,97.0,2.0,14.0,383000.0,48.5
Nərimanov,Böyükşor,2.0,109.0,11.0,19.0,435000.0,54.5
Nərimanov,Böyükşor,2.0,83.0,7.0,17.0,319500.0,41.5
Nərimanov,Böyükşor,3.0,112.0,3.0,14.0,387000.0,37.333333333333336
Nərimanov,Böyükşor,2.0,105.0,2.0,13.0,356500.0,52.5
Nərimanov,Böyükşor,2.0,104.0,16.0,17.0,301500.0,52.0
Nərimanov,Böyükşor,3.0,100.0,12.0,13.0,345500.0,33.333333333333336
Nərimanov,Böyükşor,3.0,141.0,10.0,13.0,514000.0,47.0
Nərimanov,Böyükşor,3.0,155.0,9.0,15.0,681500.0,51.666666666666664
Nərimanov,Böyükşor,3.0,95.0,6.0,13.0,375500.0,31.666666666666668
Nərimanov,Böyükşor,2.0,101.0,3.0,16.0,306500.0,50.5
Nərimanov,Böyükşor,3.0,144.0,12.0,16.0,490000.0,48.0
Nərimanov,Böyükşor,4.0,185.0,15.0,19.0,567500.0,46.25
Nərimanov,Böyükşor,4.0,144.0,5.0,13.0,486000.0,36.0
Nərimanov,Böyükşor,4.0,173.0,7.0,12.0,539500.0,43.25
Nərimanov,Böyükşor,3.0,131.0,15.0,15.0,517000.0,43.666666666666664
Nərimanov,Böyükşor,3.0,116.0,5.0,18.0,519500.0,38.666666666666664
Nərimanov,Böyükşor,3.0,119.0,10.0,18.0,391500.0,39.666666666666664
Nərimanov,Böyükşor,3.0,145.0,3.0,14.0,555000.0,48.333333333333336
Nərimanov,Böyükşor,3.0,170.0,8.0,13.0,699500.0,56.666666666666664
Nərimanov,Böyükşor,2.0,104.0,15.0,18.0,322000.0,52.0
Nərimanov,Böyükşor,3.0,166.0,12.0,15.0,655500.0,55.333333333333336
Nərimanov,Böyükşor,3.0,106.0,7.0,15.0,516000.0,35.333333333333336
Nərimanov,Böyükşor,3.0,90.0,9.0,13.0,415000.0,30.0
Nərimanov,Böyükşor,3.0,96.0,9.0,13.0,364000.0,32.0
Nərimanov,Böyükşor,4.0,190.0,15.0,15.0,587000.0,47.5
Nərimanov,Böyükşor,2.0,114.0,12.0,18.0,355000.0,57.0
Nərimanov,Böyükşor,4.0,199.0,16.0,19.0,638500.0,49.75
Nərimanov,Böyükşor,3.0,144.0,2.0,16.0,424500.0,48.0
Nərimanov,Böyükşor,3.0,105.0,6.0,19.0,454000.0,35.0
Nərimanov,Böyükşor,3.0,167.0,1.0,16.0,672500.0,55.666666666666664
Nərimanov,Böyükşor,5.0,220.0,2.0,18.0,610000.0,44.0
Nərimanov,Böyükşor,3.0,100.0,10.0,18.0,381500.0,33.333333333333336
Nərimanov,Böyükşor,2.0,82.0,1.0,19.0,240000.0,41.0
Nərimanov,Böyükşor,2.0,100.0,10.0,18.0,402000.0,50.0
Nərimanov,Böyükşor,2.0,83.0,10.0,16.0,316500.0,41.5
Nərimanov,Böyükşor,2.0,89.0,3.0,19.0,297500.0,44.5
Nərimanov,Böyükşor,3.0,133.0,6.0,13.0,545000.0,44.333333333333336
Nərimanov,Böyükşor,3.0,169.0,18.0,18.0,717500.0,56.333333333333336
Nərimanov,Böyükşor,5.0,220.0,10.0,18.0,767500.0,44.0
Nərimanov,Böyükşor,2.0,98.0,11.0,12.0,406000.0,49.0
Nərimanov,Böyükşor,3.0,100.0,13.0,16.0,328000.0,33.333333333333336
Nərimanov,Böyükşor,3.0,170.0,12.0,16.0,655500.0,56.666666666666664
Nərimanov,Böyükşor,4.0,165.0,2.0,17.0,425500.0,41.25
Nərimanov,Böyükşor,3.0,129.0,12.0,15.0,503000.0,43.0
Nərimanov,Böyükşor,3.0,156.0,13.0,18.0,640500.0,52.0
Nərimanov,Böyükşor,3.0,140.0,10.0,14.0,573500.0,46.666666666666664
Nərimanov,Böyükşor,3.0,150.0,9.0,19.0,596000.0,50.0
Nərimanov,Böyükşor,4.0,173.0,5.0,14.0,536000.0,43.25
Nərimanov,Böyükşor,5.0,184.0,15.0,15.0,541000.0,36.8
Nərimanov,Böyükşor,3.0,107.0,11.0,12.0,391000.0,35.666666666666664
Nərimanov,Böyükşor,3.0,154.0,9.0,15.0,584000.0,51.333333333333336
Nərimanov,Böyükşor,2.0,108.0,6.0,14.0,396000.0,54.0
Nərimanov,Böyükşor,3.0,94.0,15.0,18.0,410500.0,31.333333333333332
Nərimanov,Böyükşor,2.0,82.0,11.0,15.0,280500.0,41.0
Nərimanov,Böyükşor,3.0,105.0,15.0,18.0,403500.0,35.0
Nərimanov,Böyükşor,4.0,151.0,1.0,14.0,461000.0,37.75
Nərimanov,Böyükşor,3.0,106.0,14.0,16.0,361500.0,35.333333333333336
Nərimanov,Böyükşor,3.0,95.0,11.0,14.0,262500.0,31.666666666666668
Nərimanov,Böyükşor,2.0,95.0,8.0,13.0,345000.0,47.5
Nərimanov,Böyükşor,2.0,107.0,11.0,15.0,376500.0,53.5
Nərimanov,Böyükşor,2.0,82.0,14.0,15.0,275500.0,41.0
Nərimanov,Böyükşor,3.0,137.0,5.0,17.0,617000.0,45.666666666666664
Nərimanov,Böyükşor,5.0,208.0,10.0,14.0,673500.0,41.6
Nərimanov,Böyükşor,4.0,200.0,2.0,13.0,687000.0,50.0
Nərimanov,Böyükşor,2.0,97.0,8.0,14.0,275500.0,48.5
Nərimanov,Böyükşor,4.0,187.0,5.0,17.0,564000.0,46.75
Nərimanov,Böyükşor,4.0,168.0,8.0,13.0,573000.0,42.0
Nərimanov,Böyükşor,2.0,88.0,9.0,16.0,324000.0,44.0
Nərimanov,Böyükşor,5.0,189.0,10.0,12.0,651000.0,37.8
Nərimanov,Böyükşor,4.0,228.0,1.0,13.0,625500.0,57.0
Nərimanov,Böyükşor,2.0,114.0,10.0,18.0,314500.0,57.0
Nərimanov,Böyükşor,3.0,92.0,18.0,18.0,348000.0,30.666666666666668
Nərimanov,Böyükşor,3.0,151.0,6.0,13.0,515000.0,50.333333333333336
Nərimanov,Böyükşor,3.0,170.0,5.0,18.0,650500.0,56.666666666666664
Nərimanov,Böyükşor,2.0,101.0,11.0,18.0,258500.0,50.5
Nərimanov,Böyükşor,4.0,209.0,15.0,16.0,570000.0,52.25
Nərimanov,Böyükşor,5.0,180.0,10.0,12.0,596500.0,36.0
Nərimanov,Böyükşor,3.0,119.0,12.0,16.0,487000.0,39.666666666666664
Nərimanov,Böyükşor,3.0,100.0,3.0,12.0,359500.0,33.333333333333336
Nərimanov,Böyükşor,2.0,101.0,17.0,19.0,364000.0,50.5
Nərimanov,Böyükşor,2.0,100.0,7.0,18.0,300000.0,50.0
Nərimanov,Böyükşor,5.0,238.0,16.0,18.0,670500.0,47.6
Nərimanov,Böyükşor,4.0,153.0,1.0,18.0,385000.0,38.25
Nərimanov,Böyükşor,4.0,150.0,12.0,13.0,541000.0,37.5
Nərimanov,Böyükşor,3.0,138.0,5.0,14.0,528500.0,46.0
Nərimanov,Böyükşor,3.0,103.0,9.0,12.0,423500.0,34.333333333333336
Nərimanov,Böyükşor,4.0,208.0,9.0,12.0,583000.0,52.0
Nərimanov,Böyükşor,3.0,112.0,1.0,17.0,455000.0,37.333333333333336
Nərimanov,Böyükşor,2.0,96.0,16.0,16.0,313000.0,48.0
Nərimanov,Böyükşor,5.0,245.0,18.0,19.0,721000.0,49.0
Nərimanov,Böyükşor,4.0,190.0,2.0,18.0,604000.0,47.5
Nərimanov,Böyükşor,3.0,142.0,1.0,12.0,539000.0,47.333333333333336
Nərimanov,Böyükşor,3.0,141.0,6.0,15.0,652000.0,47.0
Nərimanov,Böyükşor,4.0,219.0,16.0,17.0,769000.0,54.75
Nərimanov,Böyükşor,3.0,150.0,3.0,14.0,602500.0,50.0
Nərimanov,Böyükşor,2.0,95.0,5.0,14.0,240000.0,47.5
Nərimanov,Böyükşor,3.0,156.0,6.0,15.0,534000.0,52.0
Nərimanov,Böyükşor,3.0,88.0,12.0,14.0,316500.0,29.333333333333332
Nərimanov,Böyükşor,3.0,152.0,3.0,13.0,507000.0,50.666666666666664
Nərimanov,Böyükşor,3.0,127.0,14.0,17.0,550000.0,42.333333333333336
Nərimanov,Böyükşor,3.0,145.0,5.0,16.0,629000.0,48.333333333333336
Nərimanov,Böyükşor,3.0,169.0,12.0,14.0,607000.0,56.333333333333336
Nərimanov,Böyükşor,4.0,228.0,15.0,16.0,667500.0,57.0
Nərimanov,Böyükşor,3.0,151.0,16.0,18.0,530000.0,50.333333333333336
Nərimanov,Böyükşor,2.0,111.0,4.0,14.0,389000.0,55.5
Nərimanov,Böyükşor,2.0,102.0,5.0,15.0,349000.0,51.0
Nərimanov,Böyükşor,3.0,118.0,18.0,18.0,408500.0,39.333333333333336
Nərimanov,Böyükşor,2.0,94.0,2.0,17.0,285000.0,47.0
Nərimanov,Böyükşor,2.0,103.0,6.0,18.0,366000.0,51.5
Nərimanov,Böyükşor,3.0,156.0,12.0,17.0,608000.0,52.0
Nərimanov,Böyükşor,3.0,140.0,7.0,18.0,627500.0,46.666666666666664
Nərimanov,Böyükşor,4.0,151.0,18.0,19.0,444500.0,37.75
Nərimanov,Böyükşor,4.0,224.0,7.0,19.0,780000.0,56.0
Nərimanov,Böyükşor,3.0,131.0,7.0,18.0,526000.0,43.666666666666664
Nərimanov,Böyükşor,4.0,193.0,16.0,19.0,638500.0,48.25
Nərimanov,Böyükşor,4.0,197.0,2.0,16.0,558000.0,49.25
Nərimanov,Böyükşor,4.0,178.0,4.0,19.0,576000.0,44.5
Nərimanov,Böyükşor,3.0,119.0,17.0,19.0,484000.0,39.666666666666664
Nəsimi,1-ci Mikrorayon,3.0,115.0,3.0,9.0,360000.0,38.333333333333336
Nəsimi,2-ci Mikrorayon,3.0,87.0,5.0,5.0,266500.0,29.0
Nəsimi,4-cü Mikrorayon,4.0,101.0,2.0,5.0,281500.0,25.25
Nəsimi,Kubinka,3.0,100.0,17.0,17.0,378500.0,33.333333333333336
Nəsimi,1-ci Mikrorayon,1.0,42.0,3.0,5.0,143500.0,42.0
Nəsimi,1-ci Mikrorayon,2.0,72.0,9.0,16.0,245000.0,36.0
Nəsimi,1-ci Mikrorayon,4.0,145.0,2.0,5.0,360000.0,36.25
Nəsimi,5-ci Mikrorayon,2.0,45.0,2.0,5.0,153000.0,22.5
Nəsimi,1-ci Mikrorayon,3.0,111.0,4.0,5.0,323000.0,37.0
Nəsimi,5-ci Mikrorayon,2.0,57.0,5.0,5.0,170000.0,28.5
Nəsimi,3-cü Mikrorayon,3.0,111.0,4.0,5.0,390000.0,37.0
Nəsimi,4-cü Mikrorayon,3.0,84.0,2.0,9.0,212500.0,28.0
Nəsimi,4-cü Mikrorayon,4.0,103.0,2.0,5.0,299500.0,25.75
Nəsimi,4-cü Mikrorayon,2.0,50.0,3.0,16.0,118000.0,25.0
Nəsimi,3-cü Mikrorayon,3.0,113.0,1.0,18.0,387000.0,37.666666666666664
Nəsimi,Kubinka,3.0,76.0,2.0,5.0,380000.0,25.333333333333332
Nəsimi,4-cü Mikrorayon,3.0,96.0,3.0,5.0,265500.0,32.0
Nəsimi,4-cü Mikrorayon,2.0,60.0,2.0,5.0,165500.0,30.0
Nəsimi,4-cü Mikrorayon,2.0,60.0,4.0,5.0,144500.0,30.0
Nəsimi,3-cü Mikrorayon,2.0,66.0,5.0,5.0,258500.0,33.0
Nəsimi,2-ci Mikrorayon,2.0,49.0,12.0,16.0,153000.0,24.5
Nəsimi,Kubinka,3.0,102.0,1.0,5.0,348500.0,34.0
Nəsimi,5-ci Mikrorayon,2.0,68.0,2.0,5.0,274000.0,34.0
Nəsimi,3-cü Mikrorayon,3.0,96.0,14.0,17.0,339500.0,32.0
Nəsimi,1-ci Mikrorayon,4.0,119.0,7.0,9.0,360000.0,29.75
Nəsimi,Kubinka,3.0,130.0,3.0,5.0,454500.0,43.333333333333336
Nəsimi,Kubinka,5.0,155.0,2.0,16.0,701500.0,31.0
Nəsimi,5-ci Mikrorayon,4.0,117.0,3.0,9.0,410000.0,29.25
Nəsimi,4-cü Mikrorayon,1.0,45.0,5.0,5.0,120000.0,45.0
Nəsimi,Kubinka,3.0,152.0,4.0,17.0,691000.0,50.666666666666664
Nəsimi,Kubinka,2.0,55.0,1.0,5.0,244500.0,27.5
Nəsimi,1-ci Mikrorayon,3.0,132.0,2.0,5.0,360000.0,44.0
Nəsimi,Kubinka,3.0,98.0,6.0,17.0,497000.0,32.666666666666664
Nəsimi,1-ci Mikrorayon,2.0,74.0,4.0,5.0,197000.0,37.0
Nəsimi,3-cü Mikrorayon,2.0,49.0,4.0,5.0,110000.0,24.5
Nəsimi,5-ci Mikrorayon,1.0,36.0,3.0,16.0,110000.0,36.0
Nəsimi,1-ci Mikrorayon,4.0,142.0,1.0,5.0,360000.0,35.5
Nəsimi,3-cü Mikrorayon,2.0,68.0,1.0,17.0,213000.0,34.0
Nəsimi,2-ci Mikrorayon,3.0,83.0,2.0,9.0,194500.0,27.666666666666668
Nəsimi,Kubinka,3.0,91.0,6.0,16.0,276000.0,30.333333333333332
Nəsimi,5-ci Mikrorayon,2.0,48.0,3.0,5.0,153000.0,24.0
Nəsimi,3-cü Mikrorayon,2.0,46.0,2.0,16.0,161500.0,23.0
Nəsimi,4-cü Mikrorayon,4.0,96.0,2.0,9.0,288500.0,24.0
Nəsimi,Kubinka,2.0,82.0,4.0,5.0,294000.0,41.0
Nəsimi,Kubinka,2.0,76.0,12.0,16.0,398000.0,38.0
Nəsimi,Kubinka,3.0,152.0,19.0,24.0,659500.0,50.666666666666664
Nəsimi,1-ci Mikrorayon,4.0,141.0,2.0,5.0,360000.0,35.25
Nəsimi,1-ci Mikrorayon,2.0,69.0,11.0,16.0,230500.0,34.5
Nəsimi,5-ci Mikrorayon,4.0,139.0,2.0,17.0,371000.0,34.75
Nəsimi,5-ci Mikrorayon,2.0,54.0,1.0,16.0,153500.0,27.0
Nəsimi,4-cü Mikrorayon,2.0,71.0,7.0,16.0,146500.0,35.5
Nəsimi,Kubinka,3.0,132.0,11.0,16.0,575000.0,44.0
Nəsimi,Kubinka,2.0,79.0,15.0,17.0,325000.0,39.5
Nəsimi,1-ci Mikrorayon,2.0,56.0,4.0,5.0,135500.0,28.0
Nəsimi,Kubinka,4.0,115.0,10.0,24.0,377000.0,28.75
Nəsimi,Kubinka,4.0,152.0,8.0,16.0,501500.0,38.0
Nəsimi,1-ci Mikrorayon,2.0,52.0,12.0,16.0,146500.0,26.0
Nəsimi,Kubinka,3.0,96.0,5.0,5.0,433500.0,32.0
Nəsimi,Kubinka,3.0,120.0,11.0,24.0,530000.0,40.0
Nəsimi,1-ci Mikrorayon,3.0,87.0,4.0,5.0,245000.0,29.0
Nəsimi,4-cü Mikrorayon,3.0,66.0,3.0,16.0,197000.0,22.0
Nəsimi,5-ci Mikrorayon,2.0,57.0,11.0,16.0,159000.0,28.5
Nəsimi,2-ci Mikrorayon,2.0,58.0,14.0,19.0,192500.0,29.0
Nəsimi,4-cü Mikrorayon,3.0,71.0,5.0,5.0,245500.0,23.666666666666668
Nəsimi,Kubinka,3.0,82.0,18.0,24.0,392000.0,27.333333333333332
Nəsimi,4-cü Mikrorayon,3.0,96.0,12.0,17.0,246000.0,32.0
Nəsimi,1-ci Mikrorayon,2.0,64.0,2.0,5.0,217500.0,32.0
Nəsimi,3-cü Mikrorayon,2.0,65.0,3.0,5.0,226500.0,32.5
Nəsimi,4-cü Mikrorayon,4.0,117.0,3.0,5.0,309500.0,29.25
Nəsimi,2-ci Mikrorayon,2.0,47.0,2.0,5.0,169500.0,23.5
Nəsimi,4-cü Mikrorayon,2.0,57.0,5.0,5.0,160000.0,28.5
Nəsimi,3-cü Mikrorayon,2.0,68.0,8.0,9.0,218000.0,34.0
Nəsimi,3-cü Mikrorayon,2.0,59.0,4.0,5.0,178000.0,29.5
Nəsimi,4-cü Mikrorayon,4.0,86.0,4.0,5.0,230000.0,21.5
Nəsimi,1-ci Mikrorayon,2.0,69.0,1.0,5.0,193000.0,34.5
Nəsimi,5-ci Mikrorayon,3.0,137.0,9.0,9.0,389500.0,45.666666666666664
Nəsimi,4-cü Mikrorayon,3.0,69.0,3.0,5.0,182500.0,23.0
Nəsimi,1-ci Mikrorayon,2.0,50.0,3.0,9.0,157000.0,25.0
Nəsimi,5-ci Mikrorayon,2.0,55.0,5.0,5.0,171500.0,27.5
Nəsimi,3-cü Mikrorayon,1.0,30.0,16.0,16.0,115500.0,30.0
Nəsimi,4-cü Mikrorayon,2.0,48.0,3.0,9.0,144000.0,24.0
Nəsimi,1-ci Mikrorayon,3.0,137.0,2.0,5.0,360000.0,45.666666666666664
Nəsimi,Kubinka,2.0,57.0,15.0,16.0,183500.0,28.5
Nəsimi,1-ci Mikrorayon,2.0,71.0,1.0,9.0,210500.0,35.5
Nəsimi,Kubinka,3.0,99.0,2.0,16.0,548500.0,33.0
Nəsimi,2-ci Mikrorayon,2.0,54.0,1.0,5.0,132500.0,27.0
Nəsimi,4-cü Mikrorayon,2.0,46.0,6.0,9.0,110000.0,23.0
Nəsimi,1-ci Mikrorayon,2.0,67.0,8.0,9.0,204000.0,33.5
Nəsimi,3-cü Mikrorayon,2.0,62.0,10.0,17.0,186500.0,31.0
Nəsimi,Kubinka,2.0,83.0,17.0,24.0,311000.0,41.5
Nəsimi,Kubinka,5.0,186.0,2.0,24.0,707000.0,37.2
Nəsimi,Kubinka,2.0,73.0,18.0,24.0,363500.0,36.5
Nəsimi,2-ci Mikrorayon,2.0,49.0,1.0,5.0,142500.0,24.5
Nəsimi,4-cü Mikrorayon,2.0,67.0,2.0,5.0,217500.0,33.5
Nəsimi,3-cü Mikrorayon,3.0,131.0,3.0,5.0,377500.0,43.666666666666664
Nəsimi,3-cü Mikrorayon,2.0,57.0,3.0,5.0,185500.0,28.5
Nəsimi,Kubinka,4.0,116.0,2.0,5.0,390500.0,29.0
Nəsimi,1-ci Mikrorayon,3.0,97.0,3.0,5.0,268500.0,32.333333333333336
Nəsimi,4-cü Mikrorayon,2.0,73.0,4.0,5.0,185000.0,36.5
Nəsimi,1-ci Mikrorayon,2.0,50.0,3.0,5.0,158500.0,25.0
Nəsimi,2-ci Mikrorayon,2.0,64.0,2.0,5.0,183500.0,32.0
Nəsimi,5-ci Mikrorayon,3.0,95.0,1.0,5.0,341000.0,31.666666666666668
Nəsimi,1-ci Mikrorayon,4.0,116.0,2.0,5.0,360000.0,29.0
Nəsimi,5-ci Mikrorayon,2.0,46.0,11.0,16.0,147000.0,23.0
Nəsimi,5-ci Mikrorayon,2.0,51.0,12.0,17.0,126500.0,25.5
Nəsimi,3-cü Mikrorayon,2.0,44.0,8.0,16.0,141000.0,22.0
Nəsimi,3-cü Mikrorayon,3.0,116.0,5.0,18.0,390000.0,38.666666666666664
Nəsimi,3-cü Mikrorayon,1.0,32.0,2.0,5.0,110000.0,32.0
Nəsimi,5-ci Mikrorayon,3.0,111.0,1.0,5.0,311000.0,37.0
Nəsimi,1-ci Mikrorayon,1.0,41.0,5.0,5.0,105000.0,41.0
Nəsimi,2-ci Mikrorayon,3.0,68.0,12.0,19.0,181000.0,22.666666666666668
Nəsimi,Kubinka,2.0,72.0,3.0,5.0,172000.0,36.0
Nəsimi,5-ci Mikrorayon,1.0,32.0,11.0,18.0,110000.0,32.0
Nəsimi,4-cü Mikrorayon,2.0,45.0,1.0,5.0,114500.0,22.5
Nəsimi,Kubinka,4.0,124.0,16.0,17.0,484500.0,31.0
Nəsimi,2-ci Mikrorayon,2.0,75.0,8.0,9.0,184500.0,37.5
Nəsimi,5-ci Mikrorayon,2.0,75.0,3.0,5.0,212500.0,37.5
Nəsimi,5-ci Mikrorayon,2.0,57.0,4.0,17.0,153500.0,28.5
Nəsimi,1-ci Mikrorayon,2.0,70.0,3.0,9.0,214500.0,35.0
Nəsimi,Kubinka,4.0,160.0,2.0,5.0,768000.0,40.0
Nəsimi,Kubinka,3.0,71.0,4.0,16.0,285500.0,23.666666666666668
Nəsimi,2-ci Mikrorayon,3.0,69.0,5.0,5.0,183500.0,23.0
Nəsimi,5-ci Mikrorayon,2.0,45.0,5.0,5.0,178500.0,22.5
Nəsimi,5-ci Mikrorayon,2.0,52.0,5.0,5.0,130000.0,26.0
Nəsimi,5-ci Mikrorayon,1.0,40.0,2.0,17.0,153500.0,40.0
Nəsimi,4-cü Mikrorayon,4.0,108.0,4.0,5.0,340000.0,27.0
Nəsimi,Kubinka,3.0,90.0,7.0,17.0,379500.0,30.0
Nəsimi,2-ci Mikrorayon,3.0,102.0,2.0,5.0,343000.0,34.0
Nəsimi,2-ci Mikrorayon,3.0,81.0,1.0,9.0,245500.0,27.0
Nəsimi,4-cü Mikrorayon,3.0,60.0,4.0,16.0,147000.0,20.0
Nəsimi,1-ci Mikrorayon,4.0,123.0,4.0,5.0,360000.0,30.75
Nəsimi,3-cü Mikrorayon,1.0,30.0,4.0,5.0,110000.0,30.0
Nəsimi,5-ci Mikrorayon,2.0,48.0,2.0,5.0,174500.0,24.0
Nəsimi,2-ci Mikrorayon,3.0,101.0,6.0,9.0,276500.0,33.666666666666664
Nəsimi,Kubinka,2.0,60.0,10.0,16.0,330000.0,30.0
Nəsimi,3-cü Mikrorayon,4.0,139.0,3.0,5.0,390000.0,34.75
Nəsimi,2-ci Mikrorayon,1.0,42.0,6.0,9.0,115000.0,42.0
Nəsimi,1-ci Mikrorayon,2.0,65.0,8.0,16.0,214000.0,32.5
Nəsimi,Kubinka,3.0,89.0,12.0,16.0,476000.0,29.666666666666668
Nəsimi,2-ci Mikrorayon,2.0,75.0,5.0,19.0,283000.0,37.5
Nəsimi,4-cü Mikrorayon,1.0,31.0,4.0,5.0,110000.0,31.0
Nəsimi,Kubinka,3.0,109.0,11.0,17.0,402500.0,36.333333333333336
Nəsimi,2-ci Mikrorayon,4.0,91.0,3.0,5.0,276000.0,22.75
Nəsimi,Kubinka,4.0,157.0,2.0,17.0,531000.0,39.25
Nəsimi,4-cü Mikrorayon,4.0,109.0,1.0,5.0,340000.0,27.25
Nəsimi,3-cü Mikrorayon,2.0,69.0,2.0,5.0,274000.0,34.5
Nəsimi,Kubinka,3.0,76.0,1.0,17.0,236500.0,25.333333333333332
Nəsimi,5-ci Mikrorayon,1.0,42.0,4.0,5.0,118000.0,42.0
Nəsimi,1-ci Mikrorayon,2.0,50.0,2.0,5.0,172000.0,25.0
Nəsimi,2-ci Mikrorayon,2.0,74.0,16.0,16.0,215500.0,37.0
Nəsimi,3-cü Mikrorayon,2.0,67.0,17.0,17.0,218000.0,33.5
Nəsimi,1-ci Mikrorayon,3.0,135.0,2.0,5.0,335000.0,45.0
Nəsimi,Kubinka,2.0,62.0,15.0,17.0,201500.0,31.0
Nəsimi,5-ci Mikrorayon,4.0,106.0,10.0,18.0,410000.0,26.5
Nəsimi,4-cü Mikrorayon,3.0,98.0,2.0,5.0,340000.0,32.666666666666664
Nəsimi,4-cü Mikrorayon,4.0,99.0,14.0,17.0,267500.0,24.75
Nəsimi,4-cü Mikrorayon,1.0,35.0,7.0,9.0,110000.0,35.0
Nəsimi,3-cü Mikrorayon,2.0,52.0,2.0,5.0,184500.0,26.0
Nəsimi,Kubinka,2.0,81.0,22.0,24.0,346000.0,40.5
Nəsimi,2-ci Mikrorayon,3.0,83.0,2.0,5.0,285500.0,27.666666666666668
Nəsimi,5-ci Mikrorayon,2.0,54.0,5.0,17.0,180000.0,27.0
Nəsimi,3-cü Mikrorayon,2.0,62.0,2.0,5.0,166500.0,31.0
Nəsimi,1-ci Mikrorayon,3.0,120.0,8.0,16.0,360000.0,40.0
Nəsimi,1-ci Mikrorayon,2.0,50.0,2.0,5.0,137000.0,25.0
Nəsimi,Kubinka,3.0,160.0,8.0,9.0,692500.0,53.333333333333336
Nəsimi,Kubinka,3.0,127.0,6.0,24.0,564500.0,42.333333333333336
Nəsimi,Kubinka,3.0,142.0,5.0,17.0,567500.0,47.333333333333336
Nəsimi,3-cü Mikrorayon,1.0,31.0,4.0,5.0,110000.0,31.0
Nəsimi,2-ci Mikrorayon,2.0,54.0,4.0,16.0,145500.0,27.0
Nəsimi,1-ci Mikrorayon,2.0,62.0,4.0,5.0,145000.0,31.0
Nəsimi,4-cü Mikrorayon,2.0,55.0,5.0,5.0,113500.0,27.5
Nəsimi,5-ci Mikrorayon,2.0,45.0,1.0,5.0,123000.0,22.5
Nəsimi,3-cü Mikrorayon,3.0,112.0,3.0,5.0,307500.0,37.333333333333336
Nəsimi,1-ci Mikrorayon,3.0,71.0,2.0,9.0,219000.0,23.666666666666668
Nəsimi,Kubinka,4.0,175.0,2.0,16.0,780000.0,43.75
Nəsimi,Kubinka,3.0,86.0,11.0,16.0,341000.0,28.666666666666668
Nəsimi,1-ci Mikrorayon,1.0,33.0,14.0,16.0,105000.0,33.0
Nəsimi,1-ci Mikrorayon,2.0,62.0,5.0,5.0,191500.0,31.0
Nəsimi,4-cü Mikrorayon,2.0,75.0,1.0,5.0,218500.0,37.5
Nəsimi,2-ci Mikrorayon,3.0,97.0,12.0,16.0,308000.0,32.333333333333336
Nəsimi,5-ci Mikrorayon,3.0,88.0,14.0,18.0,313000.0,29.333333333333332
Nəsimi,5-ci Mikrorayon,4.0,145.0,1.0,5.0,377000.0,36.25
Nəsimi,1-ci Mikrorayon,2.0,49.0,3.0,5.0,163500.0,24.5
Nəsimi,3-cü Mikrorayon,3.0,115.0,16.0,17.0,322000.0,38.333333333333336
Nəsimi,3-cü Mikrorayon,2.0,63.0,15.0,17.0,202000.0,31.5
Nəsimi,2-ci Mikrorayon,1.0,42.0,3.0,5.0,143500.0,42.0
Nəsimi,Kubinka,3.0,156.0,9.0,9.0,578500.0,52.0
Nəsimi,4-cü Mikrorayon,2.0,51.0,2.0,5.0,164000.0,25.5
Nəsimi,5-ci Mikrorayon,2.0,75.0,12.0,17.0,228000.0,37.5
Nəsimi,5-ci Mikrorayon,3.0,133.0,4.0,17.0,372000.0,44.333333333333336
Nəsimi,3-cü Mikrorayon,3.0,78.0,6.0,17.0,273000.0,26.0
Nəsimi,4-cü Mikrorayon,3.0,98.0,2.0,9.0,303000.0,32.666666666666664
Nəsimi,3-cü Mikrorayon,4.0,101.0,1.0,5.0,332500.0,25.25
Nəsimi,2-ci Mikrorayon,2.0,67.0,1.0,5.0,158500.0,33.5
Nəsimi,1-ci Mikrorayon,2.0,63.0,2.0,5.0,172500.0,31.5
Nəsimi,Kubinka,4.0,150.0,2.0,5.0,732000.0,37.5
Nəsimi,1-ci Mikrorayon,2.0,60.0,4.0,18.0,139500.0,30.0
Nəsimi,4-cü Mikrorayon,4.0,117.0,3.0,5.0,326000.0,29.25
Nəsimi,3-cü Mikrorayon,3.0,96.0,1.0,5.0,207000.0,32.0
Nəsimi,Kubinka,4.0,118.0,13.0,24.0,435000.0,29.5
Nəsimi,Kubinka,3.0,79.0,24.0,24.0,303000.0,26.333333333333332
Nəsimi,2-ci Mikrorayon,4.0,133.0,8.0,16.0,380000.0,33.25
Nəsimi,Kubinka,2.0,55.0,5.0,5.0,201000.0,27.5
Nəsimi,4-cü Mikrorayon,2.0,55.0,1.0,5.0,171500.0,27.5
Nəsimi,Kubinka,5.0,190.0,6.0,18.0,780000.0,38.0
Nəsimi,3-cü Mikrorayon,3.0,109.0,8.0,17.0,347000.0,36.333333333333336
Nəsimi,Kubinka,3.0,136.0,7.0,16.0,597500.0,45.333333333333336
Nəsimi,3-cü Mikrorayon,2.0,53.0,3.0,5.0,139500.0,26.5
Nəsimi,5-ci Mikrorayon,3.0,97.0,12.0,17.0,287000.0,32.333333333333336
Nəsimi,2-ci Mikrorayon,2.0,67.0,3.0,5.0,138500.0,33.5
Nəsimi,1-ci Mikrorayon,3.0,82.0,1.0,16.0,264500.0,27.333333333333332
Nəsimi,4-cü Mikrorayon,3.0,97.0,4.0,5.0,313500.0,32.333333333333336
Nəsimi,Kubinka,4.0,147.0,3.0,18.0,589000.0,36.75
Nəsimi,4-cü Mikrorayon,4.0,100.0,5.0,5.0,340000.0,25.0
Nəsimi,3-cü Mikrorayon,2.0,63.0,1.0,5.0,216500.0,31.5
Nəsimi,1-ci Mikrorayon,2.0,66.0,2.0,5.0,210500.0,33.0
Nəsimi,Kubinka,3.0,95.0,16.0,24.0,401000.0,31.666666666666668
Nəsimi,Kubinka,3.0,119.0,16.0,16.0,404500.0,39.666666666666664
Nəsimi,2-ci Mikrorayon,3.0,95.0,17.0,17.0,283500.0,31.666666666666668
Nəsimi,5-ci Mikrorayon,2.0,68.0,2.0,5.0,161500.0,34.0
Nəsimi,4-cü Mikrorayon,2.0,53.0,5.0,5.0,127500.0,26.5
Nəsimi,3-cü Mikrorayon,1.0,44.0,1.0,5.0,127500.0,44.0
Nəsimi,4-cü Mikrorayon,4.0,112.0,3.0,5.0,286500.0,28.0
Nəsimi,1-ci Mikrorayon,3.0,98.0,4.0,5.0,249500.0,32.666666666666664
Nəsimi,5-ci Mikrorayon,4.0,107.0,3.0,5.0,361500.0,26.75
Nəsimi,1-ci Mikrorayon,2.0,56.0,16.0,17.0,167000.0,28.0
Nəsimi,1-ci Mikrorayon,4.0,142.0,4.0,5.0,360000.0,35.5
Nəsimi,Kubinka,4.0,143.0,24.0,24.0,492000.0,35.75
Nəsimi,2-ci Mikrorayon,2.0,65.0,3.0,5.0,215500.0,32.5
Nəsimi,3-cü Mikrorayon,3.0,130.0,1.0,5.0,373000.0,43.333333333333336
Nəsimi,Kubinka,3.0,95.0,7.0,18.0,419000.0,31.666666666666668
Nəsimi,2-ci Mikrorayon,3.0,67.0,16.0,19.0,212500.0,22.333333333333332
Nəsimi,2-ci Mikrorayon,3.0,65.0,9.0,16.0,236500.0,21.666666666666668
Nəsimi,2-ci Mikrorayon,2.0,51.0,3.0,17.0,182000.0,25.5
Nəsimi,Kubinka,4.0,138.0,3.0,5.0,606000.0,34.5
Nəsimi,Kubinka,2.0,65.0,6.0,24.0,314000.0,32.5
Nəsimi,5-ci Mikrorayon,2.0,72.0,4.0,17.0,251000.0,36.0
Nəsimi,2-ci Mikrorayon,3.0,92.0,3.0,5.0,311000.0,30.666666666666668
Nəsimi,3-cü Mikrorayon,4.0,148.0,10.0,16.0,390000.0,37.0
Nəsimi,1-ci Mikrorayon,2.0,62.0,16.0,17.0,216500.0,31.0
Nəsimi,Kubinka,3.0,80.0,16.0,16.0,251000.0,26.666666666666668
Nəsimi,4-cü Mikrorayon,3.0,97.0,3.0,9.0,302000.0,32.333333333333336
Nəsimi,4-cü Mikrorayon,1.0,36.0,5.0,5.0,110000.0,36.0
Nəsimi,Kubinka,3.0,137.0,7.0,16.0,576000.0,45.666666666666664
Nəsimi,5-ci Mikrorayon,3.0,119.0,4.0,5.0,410000.0,39.666666666666664
Nəsimi,1-ci Mikrorayon,2.0,45.0,3.0,5.0,163500.0,22.5
Nəsimi,1-ci Mikrorayon,2.0,47.0,1.0,16.0,153500.0,23.5
Nəsimi,Kubinka,2.0,84.0,16.0,16.0,294500.0,42.0
Nəsimi,4-cü Mikrorayon,2.0,49.0,1.0,9.0,142000.0,24.5
Nəsimi,4-cü Mikrorayon,2.0,65.0,6.0,17.0,195000.0,32.5
Nəsimi,4-cü Mikrorayon,3.0,99.0,5.0,5.0,221500.0,33.0
Nəsimi,3-cü Mikrorayon,2.0,47.0,5.0,5.0,114500.0,23.5
Nəsimi,3-cü Mikrorayon,3.0,113.0,4.0,5.0,321500.0,37.666666666666664
Nəsimi,Kubinka,3.0,131.0,3.0,5.0,521500.0,43.666666666666664
Nəsimi,5-ci Mikrorayon,1.0,44.0,2.0,5.0,125500.0,44.0
Nəsimi,5-ci Mikrorayon,3.0,118.0,4.0,5.0,410000.0,39.333333333333336
Nəsimi,2-ci Mikrorayon,3.0,68.0,17.0,19.0,260000.0,22.666666666666668
Nəsimi,4-cü Mikrorayon,1.0,42.0,3.0,5.0,110000.0,42.0
Nəsimi,Kubinka,4.0,176.0,9.0,16.0,780000.0,44.0
Nəsimi,3-cü Mikrorayon,3.0,80.0,2.0,5.0,275000.0,26.666666666666668
Nəsimi,Kubinka,4.0,157.0,3.0,18.0,552000.0,39.25
Nəsimi,2-ci Mikrorayon,3.0,89.0,4.0,5.0,249500.0,29.666666666666668
Nəsimi,3-cü Mikrorayon,1.0,38.0,1.0,9.0,110000.0,38.0
Nəsimi,3-cü Mikrorayon,2.0,51.0,5.0,5.0,140000.0,25.5
Nəsimi,3-cü Mikrorayon,2.0,48.0,2.0,17.0,135000.0,24.0
Nəsimi,5-ci Mikrorayon,2.0,58.0,4.0,5.0,195000.0,29.0
Nəsimi,1-ci Mikrorayon,3.0,116.0,2.0,5.0,299500.0,38.666666666666664
Nəsimi,1-ci Mikrorayon,1.0,39.0,3.0,5.0,117000.0,39.0
Nəsimi,1-ci Mikrorayon,3.0,87.0,4.0,9.0,282500.0,29.0
Nəsimi,Kubinka,3.0,75.0,11.0,24.0,343500.0,25.0
Nəsimi,Kubinka,3.0,131.0,12.0,16.0,483500.0,43.666666666666664
Nəsimi,Kubinka,2.0,61.0,6.0,17.0,170000.0,30.5
Nəsimi,1-ci Mikrorayon,2.0,45.0,1.0,5.0,135500.0,22.5
Nəsimi,1-ci Mikrorayon,3.0,108.0,3.0,5.0,350500.0,36.0
Nəsimi,3-cü Mikrorayon,3.0,78.0,5.0,5.0,262000.0,26.0
Nəsimi,4-cü Mikrorayon,3.0,66.0,2.0,9.0,232000.0,22.0
Nəsimi,4-cü Mikrorayon,3.0,75.0,4.0,17.0,208000.0,25.0
Nəsimi,5-ci Mikrorayon,3.0,90.0,6.0,9.0,351000.0,30.0
Nəsimi,1-ci Mikrorayon,2.0,49.0,7.0,16.0,147500.0,24.5
Nəsimi,4-cü Mikrorayon,3.0,61.0,14.0,17.0,183500.0,20.333333333333332
Nəsimi,3-cü Mikrorayon,2.0,48.0,4.0,9.0,189000.0,24.0
Nəsimi,Kubinka,4.0,172.0,3.0,9.0,780000.0,43.0
Nəsimi,3-cü Mikrorayon,3.0,86.0,1.0,17.0,283000.0,28.666666666666668
Nəsimi,1-ci Mikrorayon,2.0,59.0,5.0,5.0,162000.0,29.5
Nəsimi,4-cü Mikrorayon,2.0,61.0,2.0,5.0,162000.0,30.5
Nəsimi,5-ci Mikrorayon,3.0,122.0,4.0,5.0,410000.0,40.666666666666664
Nəsimi,Kubinka,3.0,110.0,1.0,18.0,335000.0,36.666666666666664
Nəsimi,Kubinka,2.0,68.0,12.0,18.0,325500.0,34.0
Nəsimi,5-ci Mikrorayon,2.0,47.0,9.0,9.0,175000.0,23.5
Nəsimi,1-ci Mikrorayon,3.0,120.0,3.0,5.0,345500.0,40.0
Nəsimi,1-ci Mikrorayon,3.0,73.0,3.0,16.0,228000.0,24.333333333333332
Nəsimi,1-ci Mikrorayon,2.0,49.0,7.0,9.0,144000.0,24.5
Nəsimi,Kubinka,3.0,106.0,13.0,16.0,435000.0,35.333333333333336
Nəsimi,5-ci Mikrorayon,4.0,108.0,4.0,5.0,410000.0,27.0
Nəsimi,3-cü Mikrorayon,3.0,70.0,5.0,5.0,257000.0,23.333333333333332
Nəsimi,3-cü Mikrorayon,4.0,118.0,2.0,5.0,390000.0,29.5
Nəsimi,2-ci Mikrorayon,3.0,98.0,4.0,5.0,263500.0,32.666666666666664
Nəsimi,3-cü Mikrorayon,2.0,58.0,3.0,5.0,192000.0,29.0
Nəsimi,2-ci Mikrorayon,1.0,31.0,3.0,5.0,115000.0,31.0
Nəsimi,Kubinka,3.0,115.0,5.0,5.0,497500.0,38.333333333333336
Nəsimi,3-cü Mikrorayon,1.0,34.0,8.0,17.0,111500.0,34.0
Nəsimi,Kubinka,3.0,135.0,2.0,5.0,563000.0,45.0
Nəsimi,5-ci Mikrorayon,3.0,120.0,4.0,5.0,394500.0,40.0
Nəsimi,Kubinka,3.0,75.0,5.0,5.0,193000.0,25.0
Nəsimi,5-ci Mikrorayon,1.0,39.0,1.0,17.0,110000.0,39.0
Nəsimi,2-ci Mikrorayon,2.0,48.0,5.0,9.0,170000.0,24.0
Nəsimi,3-cü Mikrorayon,1.0,32.0,5.0,9.0,110000.0,32.0
Nəsimi,4-cü Mikrorayon,4.0,98.0,3.0,5.0,283500.0,24.5
Nəsimi,Kubinka,3.0,138.0,13.0,18.0,535500.0,46.0
Nəsimi,Kubinka,3.0,153.0,15.0,18.0,459000.0,51.0
Nəsimi,2-ci Mikrorayon,2.0,47.0,2.0,5.0,136000.0,23.5
Nəsimi,1-ci Mikrorayon,2.0,46.0,1.0,9.0,119500.0,23.0
Nəsimi,4-cü Mikrorayon,1.0,33.0,7.0,9.0,118000.0,33.0
Nəsimi,Kubinka,2.0,72.0,14.0,17.0,311500.0,36.0
Nəsimi,5-ci Mikrorayon,3.0,112.0,3.0,5.0,360000.0,37.333333333333336
Nəsimi,3-cü Mikrorayon,4.0,146.0,1.0,5.0,390000.0,36.5
Nəsimi,Kubinka,2.0,83.0,8.0,17.0,368500.0,41.5
Nəsimi,1-ci Mikrorayon,2.0,67.0,12.0,18.0,190500.0,33.5
Nəsimi,2-ci Mikrorayon,2.0,48.0,9.0,17.0,118500.0,24.0
Nəsimi,2-ci Mikrorayon,2.0,66.0,1.0,5.0,166500.0,33.0
Nəsimi,Kubinka,3.0,117.0,15.0,17.0,454000.0,39.0
Nəsimi,4-cü Mikrorayon,3.0,83.0,5.0,5.0,233500.0,27.666666666666668
Nəsimi,2-ci Mikrorayon,2.0,63.0,3.0,9.0,191000.0,31.5
Nəsimi,3-cü Mikrorayon,3.0,116.0,6.0,16.0,379000.0,38.666666666666664
Nəsimi,5-ci Mikrorayon,2.0,62.0,3.0,5.0,235000.0,31.0
Nəsimi,4-cü Mikrorayon,4.0,95.0,5.0,5.0,336000.0,23.75
Nəsimi,4-cü Mikrorayon,2.0,53.0,9.0,16.0,119500.0,26.5
Nəsimi,Kubinka,3.0,82.0,18.0,24.0,267500.0,27.333333333333332
Nəsimi,2-ci Mikrorayon,2.0,53.0,16.0,17.0,131000.0,26.5
Nəsimi,Kubinka,2.0,58.0,8.0,17.0,203500.0,29.0
Nəsimi,4-cü Mikrorayon,4.0,119.0,9.0,9.0,318500.0,29.75
Nəsimi,5-ci Mikrorayon,3.0,106.0,12.0,18.0,294500.0,35.333333333333336
Nəsimi,Kubinka,3.0,131.0,19.0,24.0,370500.0,43.666666666666664
Nəsimi,5-ci Mikrorayon,2.0,75.0,14.0,18.0,204500.0,37.5
Nəsimi,4-cü Mikrorayon,3.0,69.0,5.0,5.0,163500.0,23.0
Nəsimi,5-ci Mikrorayon,3.0,140.0,4.0,5.0,410000.0,46.666666666666664
Nəsimi,5-ci Mikrorayon,3.0,90.0,5.0,5.0,207000.0,30.0
Nəsimi,5-ci Mikrorayon,3.0,81.0,4.0,18.0,288500.0,27.0
Nəsimi,3-cü Mikrorayon,3.0,117.0,2.0,17.0,364500.0,39.0
Nəsimi,Kubinka,4.0,113.0,15.0,18.0,405000.0,28.25
Nəsimi,3-cü Mikrorayon,3.0,110.0,5.0,17.0,331500.0,36.666666666666664
Nəsimi,3-cü Mikrorayon,2.0,53.0,1.0,9.0,171000.0,26.5
Nəsimi,3-cü Mikrorayon,3.0,120.0,1.0,5.0,306500.0,40.0
Nəsimi,1-ci Mikrorayon,3.0,131.0,2.0,5.0,360000.0,43.666666666666664
Nəsimi,1-ci Mikrorayon,3.0,99.0,9.0,9.0,302000.0,33.0
Nəsimi,3-cü Mikrorayon,1.0,43.0,14.0,16.0,136000.0,43.0
Nəsimi,5-ci Mikrorayon,1.0,35.0,6.0,18.0,110000.0,35.0
Nəsimi,3-cü Mikrorayon,4.0,117.0,2.0,5.0,390000.0,29.25
Nəsimi,4-cü Mikrorayon,2.0,63.0,3.0,9.0,218000.0,31.5
Nəsimi,2-ci Mikrorayon,3.0,101.0,3.0,5.0,368000.0,33.666666666666664
Nəsimi,1-ci Mikrorayon,1.0,28.0,5.0,9.0,105000.0,28.0
Nəsimi,2-ci Mikrorayon,4.0,104.0,3.0,16.0,283000.0,26.0
Nəsimi,3-cü Mikrorayon,2.0,63.0,10.0,17.0,219500.0,31.5
Nəsimi,Kubinka,3.0,79.0,7.0,16.0,239000.0,26.333333333333332
Nəsimi,2-ci Mikrorayon,2.0,75.0,3.0,5.0,240000.0,37.5
Nəsimi,3-cü Mikrorayon,2.0,59.0,2.0,5.0,202500.0,29.5
Nəsimi,1-ci Mikrorayon,2.0,72.0,5.0,9.0,164500.0,36.0
Nəsimi,2-ci Mikrorayon,3.0,83.0,2.0,5.0,312000.0,27.666666666666668
Nəsimi,5-ci Mikrorayon,2.0,72.0,3.0,18.0,170000.0,36.0
Nəsimi,2-ci Mikrorayon,2.0,58.0,8.0,16.0,200500.0,29.0
Nəsimi,Kubinka,3.0,109.0,5.0,16.0,364000.0,36.333333333333336
Nəsimi,3-cü Mikrorayon,4.0,123.0,11.0,17.0,338500.0,30.75
Nəsimi,2-ci Mikrorayon,4.0,94.0,3.0,5.0,319500.0,23.5
Nəsimi,3-cü Mikrorayon,3.0,93.0,1.0,5.0,338000.0,31.0
Nəsimi,Kubinka,2.0,83.0,3.0,5.0,312000.0,41.5
Nəsimi,3-cü Mikrorayon,2.0,58.0,5.0,5.0,181000.0,29.0
Nəsimi,4-cü Mikrorayon,4.0,109.0,5.0,9.0,340000.0,27.25
Nəsimi,3-cü Mikrorayon,3.0,128.0,4.0,5.0,347000.0,42.666666666666664
Nəsimi,1-ci Mikrorayon,4.0,143.0,5.0,5.0,360000.0,35.75
Nəsimi,1-ci Mikrorayon,3.0,138.0,1.0,5.0,360000.0,46.0
Nəsimi,5-ci Mikrorayon,2.0,51.0,3.0,5.0,202000.0,25.5
Nəsimi,Kubinka,3.0,142.0,3.0,5.0,735000.0,47.333333333333336
Nəsimi,1-ci Mikrorayon,2.0,62.0,1.0,5.0,162500.0,31.0
Nəsimi,1-ci Mikrorayon,2.0,73.0,5.0,5.0,244000.0,36.5
Nəsimi,2-ci Mikrorayon,3.0,74.0,2.0,9.0,254000.0,24.666666666666668
Nəsimi,2-ci Mikrorayon,2.0,51.0,1.0,5.0,173500.0,25.5
Nəsimi,3-cü Mikrorayon,4.0,138.0,6.0,9.0,390000.0,34.5
Nəsimi,Kubinka,5.0,155.0,3.0,5.0,780000.0,31.0
Nəsimi,5-ci Mikrorayon,2.0,66.0,3.0,5.0,241500.0,33.0
Nəsimi,3-cü Mikrorayon,2.0,57.0,1.0,5.0,140000.0,28.5
Nəsimi,3-cü Mikrorayon,3.0,81.0,2.0,5.0,260500.0,27.0
Nəsimi,3-cü Mikrorayon,3.0,126.0,1.0,5.0,360000.0,42.0
Nəsimi,2-ci Mikrorayon,3.0,68.0,4.0,5.0,216500.0,22.666666666666668
Nəsimi,5-ci Mikrorayon,2.0,75.0,1.0,5.0,207500.0,37.5
Nəsimi,1-ci Mikrorayon,2.0,65.0,8.0,9.0,168000.0,32.5
Nəsimi,Kubinka,4.0,158.0,4.0,18.0,780000.0,39.5
Nəsimi,2-ci Mikrorayon,3.0,104.0,1.0,5.0,270500.0,34.666666666666664
Nəsimi,Kubinka,3.0,87.0,20.0,24.0,350500.0,29.0
Nəsimi,Kubinka,2.0,67.0,4.0,5.0,377500.0,33.5
Nəsimi,3-cü Mikrorayon,2.0,60.0,4.0,5.0,203500.0,30.0
Nəsimi,4-cü Mikrorayon,2.0,60.0,2.0,16.0,144000.0,30.0
Nəsimi,3-cü Mikrorayon,3.0,98.0,3.0,5.0,263000.0,32.666666666666664
Nəsimi,2-ci Mikrorayon,2.0,56.0,10.0,16.0,189000.0,28.0
Nəsimi,5-ci Mikrorayon,3.0,118.0,7.0,9.0,358500.0,39.333333333333336
Nəsimi,Kubinka,3.0,125.0,1.0,17.0,538000.0,41.666666666666664
Nəsimi,2-ci Mikrorayon,3.0,63.0,3.0,16.0,163500.0,21.0
Nəsimi,1-ci Mikrorayon,2.0,49.0,3.0,9.0,142500.0,24.5
Nəsimi,3-cü Mikrorayon,2.0,52.0,3.0,5.0,139500.0,26.0
Nəsimi,Kubinka,3.0,98.0,12.0,16.0,383000.0,32.666666666666664
Nəsimi,5-ci Mikrorayon,2.0,70.0,5.0,5.0,249000.0,35.0
Nizami,8-ci Kilometr,2.0,36.0,8.0,14.0,119000.0,18.0
Nizami,8-ci Kilometr,1.0,28.0,1.0,16.0,88000.0,28.0
Nizami,8-ci Kilometr,2.0,57.0,16.0,16.0,161000.0,28.5
Nizami,8-ci Kilometr,2.0,71.0,5.0,5.0,204500.0,35.5
Nizami,8-ci Kilometr,2.0,52.0,9.0,9.0,146000.0,26.0
Nizami,8-ci Kilometr,3.0,135.0,11.0,14.0,320000.0,45.0
Nizami,8-ci Kilometr,1.0,20.0,5.0,5.0,67500.0,20.0
Nizami,8-ci Kilometr,2.0,46.0,12.0,14.0,150500.0,23.0
Nizami,8-ci Kilometr,1.0,35.0,3.0,5.0,85000.0,35.0
Nizami,8-ci Kilometr,3.0,68.0,3.0,5.0,194000.0,22.666666666666668
Nizami,8-ci Kilometr,1.0,38.0,16.0,16.0,103000.0,38.0
Nizami,8-ci Kilometr,2.0,58.0,3.0,14.0,161000.0,29.0
Nizami,8-ci Kilometr,3.0,113.0,5.0,5.0,319500.0,37.666666666666664
Nizami,8-ci Kilometr,2.0,58.0,2.0,5.0,194000.0,29.0
Nizami,8-ci Kilometr,2.0,72.0,3.0,5.0,210000.0,36.0
Nizami,8-ci Kilometr,2.0,46.0,2.0,5.0,152000.0,23.0
Nizami,8-ci Kilometr,3.0,67.0,13.0,16.0,188500.0,22.333333333333332
Nizami,8-ci Kilometr,3.0,65.0,3.0,5.0,187500.0,21.666666666666668
Nizami,8-ci Kilometr,2.0,60.0,16.0,18.0,210000.0,30.0
Nizami,8-ci Kilometr,2.0,35.0,1.0,5.0,109500.0,17.5
Nizami,8-ci Kilometr,2.0,54.0,3.0,16.0,158500.0,27.0
Nizami,8-ci Kilometr,3.0,137.0,4.0,5.0,320000.0,45.666666666666664
Nizami,8-ci Kilometr,2.0,46.0,4.0,5.0,115500.0,23.0
Nizami,8-ci Kilometr,2.0,44.0,6.0,16.0,127500.0,22.0
Nizami,8-ci Kilometr,3.0,138.0,1.0,5.0,320000.0,46.0
Nizami,8-ci Kilometr,3.0,102.0,3.0,14.0,256000.0,34.0
Nizami,8-ci Kilometr,2.0,60.0,3.0,18.0,200000.0,30.0
Nizami,8-ci Kilometr,2.0,49.0,1.0,5.0,123500.0,24.5
Nizami,8-ci Kilometr,2.0,52.0,13.0,18.0,162000.0,26.0
Nizami,8-ci Kilometr,2.0,61.0,4.0,5.0,177000.0,30.5
Nizami,8-ci Kilometr,2.0,63.0,5.0,5.0,166500.0,31.5
Nizami,8-ci Kilometr,2.0,67.0,3.0,5.0,173000.0,33.5
Nizami,8-ci Kilometr,3.0,70.0,8.0,16.0,201500.0,23.333333333333332
Nizami,8-ci Kilometr,2.0,38.0,4.0,9.0,124000.0,19.0
Nizami,8-ci Kilometr,2.0,56.0,3.0,5.0,175000.0,28.0
Nizami,8-ci Kilometr,3.0,100.0,6.0,18.0,306500.0,33.333333333333336
Nizami,8-ci Kilometr,1.0,23.0,17.0,19.0,60000.0,23.0
Nizami,8-ci Kilometr,2.0,49.0,2.0,5.0,116000.0,24.5
Nizami,8-ci Kilometr,3.0,84.0,18.0,18.0,209500.0,28.0
Nizami,8-ci Kilometr,3.0,84.0,5.0,14.0,277500.0,28.0
Nizami,8-ci Kilometr,3.0,104.0,14.0,18.0,320000.0,34.666666666666664
Nizami,8-ci Kilometr,2.0,59.0,4.0,18.0,170000.0,29.5
Nizami,8-ci Kilometr,3.0,98.0,12.0,14.0,286000.0,32.666666666666664
Nizami,8-ci Kilometr,3.0,67.0,2.0,5.0,224500.0,22.333333333333332
Nizami,8-ci Kilometr,2.0,75.0,3.0,5.0,210000.0,37.5
Nizami,8-ci Kilometr,2.0,49.0,4.0,5.0,153500.0,24.5
Nizami,8-ci Kilometr,3.0,77.0,14.0,16.0,217500.0,25.666666666666668
Nizami,8-ci Kilometr,2.0,78.0,3.0,5.0,210000.0,39.0
Nizami,8-ci Kilometr,2.0,36.0,4.0,9.0,136500.0,18.0
Nizami,8-ci Kilometr,3.0,138.0,5.0,16.0,320000.0,46.0
Nizami,8-ci Kilometr,2.0,38.0,4.0,9.0,139000.0,19.0
Nizami,8-ci Kilometr,2.0,77.0,16.0,16.0,184500.0,38.5
Nizami,8-ci Kilometr,3.0,130.0,2.0,5.0,316500.0,43.333333333333336
Nizami,8-ci Kilometr,3.0,109.0,4.0,19.0,287500.0,36.333333333333336
Nizami,8-ci Kilometr,3.0,128.0,2.0,5.0,320000.0,42.666666666666664
Nizami,8-ci Kilometr,3.0,123.0,4.0,5.0,320000.0,41.0
Nizami,8-ci Kilometr,3.0,82.0,6.0,16.0,191000.0,27.333333333333332
Nizami,8-ci Kilometr,3.0,91.0,4.0,5.0,272500.0,30.333333333333332
Nizami,8-ci Kilometr,3.0,131.0,5.0,5.0,320000.0,43.666666666666664
Nizami,8-ci Kilometr,3.0,69.0,3.0,14.0,203500.0,23.0
Nizami,8-ci Kilometr,2.0,53.0,12.0,14.0,144000.0,26.5
Nizami,8-ci Kilometr,1.0,20.0,3.0,5.0,71000.0,20.0
Nizami,8-ci Kilometr,2.0,64.0,5.0,5.0,159500.0,32.0
Nizami,8-ci Kilometr,2.0,55.0,17.0,18.0,162500.0,27.5
Nizami,8-ci Kilometr,2.0,35.0,9.0,16.0,102000.0,17.5
Nizami,8-ci Kilometr,2.0,43.0,1.0,5.0,101000.0,21.5
Nizami,8-ci Kilometr,2.0,69.0,5.0,5.0,210000.0,34.5
Nizami,8-ci Kilometr,2.0,37.0,6.0,9.0,112500.0,18.5
Nizami,8-ci Kilometr,2.0,59.0,15.0,16.0,203000.0,29.5
Nizami,8-ci Kilometr,2.0,55.0,5.0,5.0,157000.0,27.5
Nizami,8-ci Kilometr,2.0,67.0,1.0,9.0,174500.0,33.5
Nizami,8-ci Kilometr,2.0,76.0,5.0,5.0,205500.0,38.0
Nizami,8-ci Kilometr,2.0,45.0,10.0,19.0,121500.0,22.5
Nizami,8-ci Kilometr,2.0,54.0,1.0,5.0,153500.0,27.0
Nizami,8-ci Kilometr,3.0,84.0,13.0,18.0,207000.0,28.0
Nizami,8-ci Kilometr,2.0,70.0,3.0,5.0,210000.0,35.0
Nizami,8-ci Kilometr,3.0,79.0,8.0,14.0,265000.0,26.333333333333332
Nizami,8-ci Kilometr,2.0,78.0,1.0,5.0,197500.0,39.0
Nizami,8-ci Kilometr,2.0,36.0,10.0,14.0,95000.0,18.0
Nizami,8-ci Kilometr,2.0,59.0,7.0,18.0,188000.0,29.5
Nizami,8-ci Kilometr,2.0,38.0,9.0,16.0,104500.0,19.0
Nizami,8-ci Kilometr,2.0,76.0,1.0,9.0,210000.0,38.0
Nizami,8-ci Kilometr,2.0,39.0,5.0,5.0,112000.0,19.5
Nizami,8-ci Kilometr,2.0,53.0,1.0,5.0,135000.0,26.5
Nizami,8-ci Kilometr,2.0,61.0,2.0,5.0,144500.0,30.5
Nizami,8-ci Kilometr,3.0,87.0,5.0,5.0,285500.0,29.0
Nizami,8-ci Kilometr,2.0,63.0,13.0,16.0,183000.0,31.5
Nizami,8-ci Kilometr,2.0,56.0,2.0,5.0,177000.0,28.0
Nizami,8-ci Kilometr,3.0,103.0,1.0,9.0,306000.0,34.333333333333336
Nizami,8-ci Kilometr,2.0,76.0,5.0,5.0,210000.0,38.0
Nizami,8-ci Kilometr,2.0,48.0,4.0,5.0,126000.0,24.0
Nizami,8-ci Kilometr,3.0,77.0,14.0,14.0,192000.0,25.666666666666668
Nizami,8-ci Kilometr,2.0,68.0,9.0,16.0,185500.0,34.0
Nizami,8-ci Kilometr,2.0,59.0,15.0,18.0,208000.0,29.5
Nizami,8-ci Kilometr,3.0,91.0,2.0,5.0,230000.0,30.333333333333332
Nizami,8-ci Kilometr,1.0,36.0,4.0,16.0,120000.0,36.0
Nizami,8-ci Kilometr,3.0,138.0,4.0,9.0,320000.0,46.0
Nizami,8-ci Kilometr,2.0,55.0,4.0,19.0,160500.0,27.5
Nizami,8-ci Kilometr,3.0,103.0,8.0,14.0,320000.0,34.333333333333336
Nizami,8-ci Kilometr,2.0,36.0,1.0,5.0,129000.0,18.0
Nizami,8-ci Kilometr,2.0,57.0,5.0,5.0,152500.0,28.5
Nizami,8-ci Kilometr,2.0,65.0,3.0,5.0,210000.0,32.5
Nizami,8-ci Kilometr,1.0,36.0,2.0,16.0,120000.0,36.0
Nizami,8-ci Kilometr,2.0,55.0,1.0,5.0,167500.0,27.5
Nizami,8-ci Kilometr,3.0,89.0,6.0,9.0,256500.0,29.666666666666668
Nizami,8-ci Kilometr,2.0,63.0,5.0,5.0,163500.0,31.5
Nizami,8-ci Kilometr,3.0,129.0,6.0,19.0,320000.0,43.0
Nizami,8-ci Kilometr,2.0,50.0,2.0,9.0,174000.0,25.0
Nizami,8-ci Kilometr,2.0,63.0,1.0,18.0,154000.0,31.5
Nizami,8-ci Kilometr,3.0,95.0,2.0,5.0,282000.0,31.666666666666668
Nizami,8-ci Kilometr,1.0,22.0,15.0,18.0,60000.0,22.0
Nizami,8-ci Kilometr,3.0,95.0,8.0,14.0,254000.0,31.666666666666668
Nizami,8-ci Kilometr,2.0,77.0,13.0,19.0,210000.0,38.5
Nizami,8-ci Kilometr,3.0,75.0,4.0,5.0,270000.0,25.0
Nizami,8-ci Kilometr,1.0,33.0,5.0,5.0,102000.0,33.0
Nizami,8-ci Kilometr,3.0,132.0,4.0,5.0,320000.0,44.0
Nizami,8-ci Kilometr,2.0,35.0,15.0,18.0,111000.0,17.5
Nizami,8-ci Kilometr,1.0,25.0,1.0,5.0,88500.0,25.0
Nizami,8-ci Kilometr,1.0,32.0,12.0,16.0,109500.0,32.0
Nizami,8-ci Kilometr,3.0,107.0,1.0,14.0,320000.0,35.666666666666664
Nizami,8-ci Kilometr,2.0,52.0,5.0,5.0,176000.0,26.0
Nizami,8-ci Kilometr,3.0,135.0,4.0,5.0,320000.0,45.0
Nizami,8-ci Kilometr,3.0,106.0,5.0,9.0,259000.0,35.333333333333336
Nizami,8-ci Kilometr,2.0,37.0,8.0,16.0,117000.0,18.5
Nizami,8-ci Kilometr,2.0,47.0,7.0,9.0,159000.0,23.5
Nizami,8-ci Kilometr,2.0,62.0,5.0,16.0,197000.0,31.0
Nizami,8-ci Kilometr,2.0,64.0,6.0,16.0,210000.0,32.0
Nizami,8-ci Kilometr,2.0,55.0,6.0,9.0,158000.0,27.5
Nizami,8-ci Kilometr,2.0,76.0,16.0,16.0,208500.0,38.0
Nizami,8-ci Kilometr,3.0,134.0,1.0,5.0,320000.0,44.666666666666664
Nizami,8-ci Kilometr,2.0,68.0,3.0,5.0,189500.0,34.0
Nizami,8-ci Kilometr,2.0,71.0,16.0,18.0,189500.0,35.5
Nizami,8-ci Kilometr,1.0,21.0,2.0,5.0,60000.0,21.0
Nizami,8-ci Kilometr,2.0,46.0,16.0,16.0,136000.0,23.0
Nizami,8-ci Kilometr,2.0,76.0,5.0,9.0,210000.0,38.0
Nizami,8-ci Kilometr,2.0,57.0,3.0,5.0,162500.0,28.5
Nizami,8-ci Kilometr,2.0,57.0,14.0,14.0,174000.0,28.5
Nizami,8-ci Kilometr,2.0,48.0,2.0,5.0,174000.0,24.0
Nizami,8-ci Kilometr,2.0,62.0,14.0,19.0,186500.0,31.0
Nizami,8-ci Kilometr,3.0,73.0,1.0,5.0,182500.0,24.333333333333332
Nizami,8-ci Kilometr,2.0,51.0,1.0,5.0,138500.0,25.5
Nizami,8-ci Kilometr,2.0,66.0,5.0,18.0,191500.0,33.0
Nizami,8-ci Kilometr,2.0,73.0,4.0,5.0,200500.0,36.5
Nizami,8-ci Kilometr,3.0,106.0,2.0,5.0,309500.0,35.333333333333336
Nizami,8-ci Kilometr,2.0,71.0,1.0,18.0,210000.0,35.5
Nizami,8-ci Kilometr,3.0,67.0,4.0,16.0,197500.0,22.333333333333332
Nizami,8-ci Kilometr,2.0,69.0,3.0,5.0,165000.0,34.5
Nizami,8-ci Kilometr,3.0,98.0,2.0,5.0,299500.0,32.666666666666664
Nizami,8-ci Kilometr,2.0,73.0,15.0,16.0,207500.0,36.5
Nizami,8-ci Kilometr,2.0,61.0,9.0,9.0,170000.0,30.5
Sabunçu,Bakıxanov,4.0,131.0,4.0,5.0,340000.0,32.75
Sabunçu,Ramana,1.0,33.0,3.0,5.0,45000.0,33.0
Sabunçu,Ramana,1.0,38.0,2.0,4.0,45000.0,38.0
Sabunçu,Zabrat,4.0,96.0,1.0,4.0,128000.0,24.0
Sabunçu,Savalan,4.0,110.0,4.0,9.0,163500.0,27.5
Sabunçu,Sea Breeze,3.0,128.0,4.0,9.0,421000.0,42.666666666666664
Sabunçu,Savalan,1.0,39.0,6.0,9.0,71500.0,39.0
Sabunçu,Ramana,4.0,103.0,4.0,4.0,141500.0,25.75
Sabunçu,Zabrat,2.0,55.0,8.0,8.0,63000.0,27.5
Sabunçu,Savalan,4.0,96.0,1.0,4.0,131500.0,24.0
Sabunçu,Zabrat,4.0,99.0,8.0,8.0,100000.0,24.75
Sabunçu,Zabrat,2.0,59.0,7.0,10.0,68000.0,29.5
Sabunçu,Bakıxanov,3.0,83.0,1.0,5.0,194000.0,27.666666666666668
Sabunçu,Sea Breeze,2.0,76.0,13.0,14.0,258500.0,38.0
Sabunçu,Ramana,2.0,60.0,3.0,5.0,73000.0,30.0
Sabunçu,Bakıxanov,4.0,165.0,1.0,9.0,340000.0,41.25
Sabunçu,Bakıxanov,4.0,113.0,4.0,5.0,302000.0,28.25
Sabunçu,Sabunçu,2.0,75.0,9.0,9.0,159500.0,37.5
Sabunçu,Savalan,4.0,120.0,4.0,4.0,170000.0,30.0
Sabunçu,Sea Breeze,2.0,96.0,8.0,9.0,493000.0,48.0
Sabunçu,Sea Breeze,2.0,89.0,1.0,14.0,582500.0,44.5
Sabunçu,Savalan,2.0,72.0,1.0,5.0,95000.0,36.0
Sabunçu,Ramana,3.0,101.0,3.0,4.0,116500.0,33.666666666666664
Sabunçu,Sabunçu,3.0,120.0,6.0,9.0,209000.0,40.0
Sabunçu,Zabrat,1.0,40.0,3.0,5.0,49000.0,40.0
Sabunçu,Zabrat,2.0,73.0,3.0,8.0,93000.0,36.5
Sabunçu,Sabunçu,3.0,95.0,3.0,6.0,256500.0,31.666666666666668
Sabunçu,Sabunçu,3.0,71.0,12.0,18.0,133000.0,23.666666666666668
Sabunçu,Sabunçu,1.0,36.0,12.0,14.0,72500.0,36.0
Sabunçu,Bakıxanov,3.0,96.0,1.0,4.0,193500.0,32.0
Sabunçu,Ramana,4.0,98.0,4.0,9.0,101500.0,24.5
Sabunçu,Sabunçu,3.0,127.0,1.0,5.0,350000.0,42.333333333333336
Sabunçu,Ramana,3.0,73.0,1.0,4.0,58500.0,24.333333333333332
Sabunçu,Sea Breeze,2.0,75.0,2.0,7.0,321000.0,37.5
Sabunçu,Savalan,2.0,71.0,5.0,9.0,119500.0,35.5
Sabunçu,Sabunçu,3.0,75.0,2.0,5.0,155000.0,25.0
Sabunçu,Ramana,1.0,30.0,6.0,9.0,45000.0,30.0
Sabunçu,Sabunçu,4.0,147.0,11.0,14.0,292500.0,36.75
Sabunçu,Bakıxanov,4.0,105.0,7.0,9.0,229500.0,26.25
Sabunçu,Zabrat,3.0,79.0,1.0,5.0,80500.0,26.333333333333332
Sabunçu,Zabrat,2.0,47.0,5.0,10.0,46000.0,23.5
Sabunçu,Sea Breeze,2.0,102.0,1.0,4.0,417000.0,51.0
Sabunçu,Bakıxanov,3.0,111.0,4.0,4.0,340000.0,37.0
Sabunçu,Sea Breeze,2.0,100.0,1.0,14.0,585000.0,50.0
Sabunçu,Sea Breeze,2.0,73.0,4.0,9.0,268000.0,36.5
Sabunçu,Bakıxanov,4.0,153.0,4.0,9.0,340000.0,38.25
Sabunçu,Bakıxanov,2.0,70.0,3.0,4.0,173000.0,35.0
Sabunçu,Bakıxanov,2.0,63.0,2.0,4.0,168500.0,31.5
Sabunçu,Sea Breeze,2.0,103.0,2.0,7.0,512000.0,51.5
Sabunçu,Ramana,2.0,63.0,4.0,4.0,73500.0,31.5
Sabunçu,Sea Breeze,2.0,83.0,7.0,9.0,415500.0,41.5
Sabunçu,Sabunçu,3.0,77.0,7.0,9.0,140500.0,25.666666666666668
Sabunçu,Ramana,4.0,121.0,5.0,5.0,165000.0,30.25
Sabunçu,Bakıxanov,2.0,82.0,4.0,4.0,186000.0,41.0
Sabunçu,Ramana,5.0,154.0,2.0,9.0,165000.0,30.8
Sabunçu,Sea Breeze,4.0,135.0,4.0,7.0,720000.0,33.75
Sabunçu,Bakıxanov,2.0,80.0,1.0,9.0,182000.0,40.0
Sabunçu,Bakıxanov,3.0,96.0,3.0,8.0,243000.0,32.0
Sabunçu,Zabrat,4.0,109.0,7.0,10.0,160000.0,27.25
Sabunçu,Ramana,4.0,97.0,5.0,5.0,118000.0,24.25
Sabunçu,Sea Breeze,3.0,101.0,1.0,4.0,441000.0,33.666666666666664
Sabunçu,Zabrat,1.0,34.0,1.0,4.0,45000.0,34.0
Sabunçu,Bakıxanov,2.0,85.0,3.0,4.0,196000.0,42.5
Sabunçu,Ramana,3.0,70.0,4.0,5.0,64500.0,23.333333333333332
Sabunçu,Zabrat,4.0,108.0,1.0,5.0,155500.0,27.0
Sabunçu,Zabrat,2.0,59.0,6.0,8.0,69000.0,29.5
Sabunçu,Sabunçu,1.0,32.0,4.0,5.0,80000.0,32.0
Sabunçu,Sabunçu,3.0,131.0,8.0,18.0,308500.0,43.666666666666664
Sabunçu,Sea Breeze,2.0,79.0,7.0,9.0,366500.0,39.5
Sabunçu,Sea Breeze,4.0,121.0,4.0,4.0,527500.0,30.25
Sabunçu,Sea Breeze,4.0,153.0,3.0,14.0,720000.0,38.25
Sabunçu,Zabrat,2.0,65.0,7.0,8.0,66000.0,32.5
Sabunçu,Bakıxanov,4.0,159.0,5.0,8.0,340000.0,39.75
Sabunçu,Sea Breeze,3.0,93.0,2.0,9.0,631500.0,31.0
Sabunçu,Savalan,3.0,69.0,1.0,4.0,104000.0,23.0
Sabunçu,Sea Breeze,2.0,83.0,3.0,4.0,414000.0,41.5
Sabunçu,Sea Breeze,3.0,125.0,7.0,9.0,619500.0,41.666666666666664
Sabunçu,Ramana,2.0,57.0,5.0,9.0,66500.0,28.5
Sabunçu,Zabrat,3.0,58.0,2.0,5.0,108500.0,19.333333333333332
Sabunçu,Sea Breeze,2.0,88.0,8.0,14.0,273500.0,44.0
Sabunçu,Sea Breeze,2.0,81.0,3.0,7.0,241500.0,40.5
Sabunçu,Sabunçu,3.0,116.0,7.0,14.0,311000.0,38.666666666666664
Sabunçu,Ramana,3.0,81.0,3.0,5.0,98000.0,27.0
Sabunçu,Zabrat,2.0,49.0,7.0,10.0,86500.0,24.5
Sabunçu,Bakıxanov,2.0,76.0,5.0,8.0,177500.0,38.0
Sabunçu,Zabrat,3.0,71.0,2.0,5.0,77500.0,23.666666666666668
Sabunçu,Sea Breeze,5.0,180.0,9.0,9.0,720000.0,36.0
Sabunçu,Sea Breeze,2.0,72.0,12.0,14.0,450500.0,36.0
Sabunçu,Sabunçu,3.0,98.0,2.0,5.0,174000.0,32.666666666666664
Sabunçu,Ramana,4.0,119.0,4.0,5.0,154000.0,29.75
Sabunçu,Zabrat,2.0,65.0,5.0,5.0,45000.0,32.5
Sabunçu,Sea Breeze,1.0,47.0,1.0,4.0,233000.0,47.0
Sabunçu,Sabunçu,4.0,105.0,3.0,5.0,194000.0,26.25
Sabunçu,Sea Breeze,3.0,104.0,4.0,7.0,549000.0,34.666666666666664
Sabunçu,Bakıxanov,2.0,62.0,8.0,9.0,187000.0,31.0
Sabunçu,Sabunçu,4.0,145.0,3.0,14.0,288500.0,36.25
Sabunçu,Sabunçu,2.0,56.0,5.0,9.0,152500.0,28.0
Sabunçu,Bakıxanov,5.0,116.0,8.0,9.0,287000.0,23.2
Sabunçu,Bakıxanov,1.0,31.0,2.0,9.0,95000.0,31.0
Sabunçu,Zabrat,2.0,67.0,2.0,4.0,72500.0,33.5
Sabunçu,Zabrat,3.0,72.0,7.0,8.0,128500.0,24.0
Sabunçu,Bakıxanov,3.0,105.0,1.0,8.0,276500.0,35.0
Sabunçu,Sabunçu,1.0,38.0,9.0,14.0,89500.0,38.0
Sabunçu,Bakıxanov,3.0,110.0,1.0,5.0,249000.0,36.666666666666664
Sabunçu,Ramana,3.0,74.0,8.0,9.0,88500.0,24.666666666666668
Sabunçu,Sea Breeze,3.0,93.0,2.0,4.0,576500.0,31.0
Sabunçu,Zabrat,2.0,53.0,1.0,4.0,53000.0,26.5
Sabunçu,Sabunçu,2.0,70.0,5.0,14.0,138500.0,35.0
Sabunçu,Bakıxanov,1.0,40.0,3.0,4.0,95000.0,40.0
Sabunçu,Zabrat,3.0,65.0,3.0,8.0,91000.0,21.666666666666668
Sabunçu,Sea Breeze,4.0,130.0,5.0,7.0,720000.0,32.5
Sabunçu,Sea Breeze,1.0,60.0,6.0,7.0,356500.0,60.0
Sabunçu,Bakıxanov,3.0,105.0,4.0,4.0,267000.0,35.0
Sabunçu,Savalan,4.0,87.0,4.0,5.0,107000.0,21.75
Sabunçu,Sabunçu,4.0,142.0,1.0,5.0,305000.0,35.5
Sabunçu,Sabunçu,4.0,129.0,6.0,14.0,237000.0,32.25
Sabunçu,Sea Breeze,2.0,76.0,8.0,9.0,363000.0,38.0
Sabunçu,Bakıxanov,2.0,85.0,1.0,4.0,187500.0,42.5
Sabunçu,Bakıxanov,2.0,71.0,8.0,8.0,216000.0,35.5
Sabunçu,Sea Breeze,4.0,152.0,1.0,9.0,720000.0,38.0
Sabunçu,Bakıxanov,1.0,36.0,4.0,5.0,95000.0,36.0
Sabunçu,Sabunçu,2.0,61.0,8.0,18.0,113500.0,30.5
Sabunçu,Sabunçu,2.0,74.0,1.0,6.0,185000.0,37.0
Sabunçu,Bakıxanov,2.0,60.0,7.0,8.0,152000.0,30.0
Sabunçu,Sea Breeze,1.0,49.0,3.0,9.0,345500.0,49.0
Sabunçu,Zabrat,2.0,56.0,2.0,5.0,70000.0,28.0
Sabunçu,Sea Breeze,2.0,77.0,2.0,7.0,310500.0,38.5
Sabunçu,Savalan,4.0,93.0,1.0,4.0,103500.0,23.25
Sabunçu,Bakıxanov,2.0,87.0,7.0,8.0,255500.0,43.5
Sabunçu,Sea Breeze,3.0,111.0,3.0,14.0,530000.0,37.0
Sabunçu,Sea Breeze,2.0,79.0,4.0,7.0,395500.0,39.5
Sabunçu,Zabrat,2.0,46.0,8.0,8.0,45000.0,23.0
Sabunçu,Ramana,4.0,90.0,8.0,9.0,108000.0,22.5
Sabunçu,Bakıxanov,3.0,102.0,4.0,8.0,314000.0,34.0
Sabunçu,Savalan,3.0,92.0,3.0,4.0,94000.0,30.666666666666668
Sabunçu,Sea Breeze,3.0,135.0,2.0,9.0,508500.0,45.0
Sabunçu,Zabrat,3.0,95.0,1.0,10.0,125000.0,31.666666666666668
Sabunçu,Ramana,3.0,91.0,3.0,5.0,137000.0,30.333333333333332
Sabunçu,Ramana,3.0,91.0,4.0,4.0,128500.0,30.333333333333332
Sabunçu,Bakıxanov,4.0,109.0,5.0,8.0,257500.0,27.25
Sabunçu,Bakıxanov,4.0,124.0,7.0,8.0,340000.0,31.0
Sabunçu,Bakıxanov,3.0,109.0,4.0,9.0,340000.0,36.333333333333336
Sabunçu,Sea Breeze,2.0,80.0,3.0,4.0,436000.0,40.0
Sabunçu,Zabrat,2.0,72.0,3.0,8.0,129000.0,36.0
Sabunçu,Sabunçu,3.0,129.0,8.0,9.0,350000.0,43.0
Sabunçu,Bakıxanov,1.0,42.0,8.0,9.0,95000.0,42.0
Sabunçu,Bakıxanov,3.0,85.0,8.0,8.0,229000.0,28.333333333333332
Sabunçu,Sabunçu,3.0,86.0,6.0,9.0,184000.0,28.666666666666668
Sabunçu,Bakıxanov,3.0,91.0,4.0,4.0,214000.0,30.333333333333332
Sabunçu,Ramana,3.0,81.0,1.0,4.0,115500.0,27.0
Sabunçu,Sabunçu,1.0,35.0,1.0,9.0,82000.0,35.0
Sabunçu,Sea Breeze,4.0,121.0,4.0,7.0,720000.0,30.25
Sabunçu,Bakıxanov,4.0,126.0,7.0,8.0,285000.0,31.5
Sabunçu,Zabrat,2.0,53.0,5.0,5.0,92500.0,26.5
Sabunçu,Sabunçu,1.0,38.0,7.0,9.0,73500.0,38.0
Sabunçu,Bakıxanov,3.0,109.0,4.0,4.0,241000.0,36.333333333333336
Sabunçu,Zabrat,2.0,73.0,3.0,4.0,117000.0,36.5
Sabunçu,Sabunçu,3.0,88.0,4.0,6.0,185500.0,29.333333333333332
Sabunçu,Sabunçu,1.0,29.0,11.0,18.0,75000.0,29.0
Sabunçu,Sabunçu,2.0,57.0,9.0,14.0,142500.0,28.5
Sabunçu,Sabunçu,1.0,34.0,5.0,5.0,73000.0,34.0
Sabunçu,Zabrat,3.0,86.0,2.0,10.0,139000.0,28.666666666666668
Sabunçu,Ramana,4.0,108.0,2.0,4.0,147000.0,27.0
Sabunçu,Sabunçu,2.0,68.0,14.0,18.0,146500.0,34.0
Sabunçu,Ramana,3.0,74.0,3.0,5.0,112500.0,24.666666666666668
Sabunçu,Zabrat,3.0,80.0,2.0,5.0,120500.0,26.666666666666668
Sabunçu,Ramana,5.0,148.0,3.0,9.0,165000.0,29.6
Sabunçu,Sea Breeze,3.0,128.0,6.0,9.0,510000.0,42.666666666666664
Sabunçu,Bakıxanov,3.0,90.0,3.0,4.0,268500.0,30.0
Sabunçu,Sea Breeze,2.0,100.0,11.0,14.0,509000.0,50.0
Sabunçu,Savalan,2.0,80.0,5.0,5.0,102500.0,40.0
Sabunçu,Savalan,3.0,103.0,2.0,5.0,122500.0,34.333333333333336
Sabunçu,Bakıxanov,4.0,120.0,4.0,9.0,340000.0,30.0
Sabunçu,Sabunçu,2.0,56.0,1.0,18.0,136000.0,28.0
Sabunçu,Sea Breeze,2.0,74.0,3.0,7.0,389000.0,37.0
Sabunçu,Bakıxanov,2.0,82.0,7.0,8.0,176000.0,41.0
Sabunçu,Sabunçu,3.0,76.0,17.0,18.0,200500.0,25.333333333333332
Sabunçu,Sabunçu,3.0,130.0,8.0,18.0,256000.0,43.333333333333336
Sabunçu,Sea Breeze,2.0,95.0,4.0,4.0,338500.0,47.5
Sabunçu,Sabunçu,3.0,134.0,13.0,18.0,298000.0,44.666666666666664
Sabunçu,Sabunçu,3.0,128.0,11.0,14.0,315000.0,42.666666666666664
Sabunçu,Sabunçu,5.0,153.0,10.0,18.0,350000.0,30.6
Sabunçu,Sabunçu,3.0,106.0,8.0,18.0,227500.0,35.333333333333336
Sabunçu,Zabrat,3.0,71.0,7.0,10.0,72000.0,23.666666666666668
Sabunçu,Sea Breeze,3.0,126.0,12.0,14.0,512500.0,42.0
Sabunçu,Bakıxanov,3.0,92.0,2.0,4.0,277000.0,30.666666666666668
Sabunçu,Sea Breeze,4.0,126.0,4.0,7.0,639000.0,31.5
Sabunçu,Bakıxanov,3.0,80.0,3.0,8.0,250500.0,26.666666666666668
Sabunçu,Sabunçu,3.0,98.0,2.0,5.0,225000.0,32.666666666666664
Sabunçu,Zabrat,4.0,95.0,2.0,4.0,105000.0,23.75
Sabunçu,Ramana,2.0,66.0,2.0,4.0,78500.0,33.0
Sabunçu,Sabunçu,3.0,114.0,4.0,5.0,256500.0,38.0
Sabunçu,Bakıxanov,2.0,83.0,6.0,8.0,249000.0,41.5
Sabunçu,Sabunçu,4.0,133.0,9.0,9.0,231500.0,33.25
Sabunçu,Bakıxanov,2.0,60.0,4.0,9.0,159000.0,30.0
Sabunçu,Sea Breeze,3.0,102.0,1.0,4.0,663000.0,34.0
Sabunçu,Bakıxanov,1.0,38.0,1.0,5.0,103000.0,38.0
Sabunçu,Savalan,4.0,114.0,4.0,4.0,113500.0,28.5
Sabunçu,Sea Breeze,3.0,92.0,9.0,9.0,520500.0,30.666666666666668
Sabunçu,Bakıxanov,5.0,149.0,3.0,9.0,340000.0,29.8
Sabunçu,Ramana,4.0,121.0,4.0,5.0,143500.0,30.25
Sabunçu,Sabunçu,2.0,54.0,18.0,18.0,106000.0,27.0
Sabunçu,Sea Breeze,2.0,105.0,13.0,14.0,559500.0,52.5
Sabunçu,Ramana,3.0,86.0,4.0,4.0,98500.0,28.666666666666668
Sabunçu,Ramana,3.0,71.0,4.0,5.0,98000.0,23.666666666666668
Sabunçu,Sea Breeze,2.0,87.0,4.0,14.0,405500.0,43.5
Sabunçu,Savalan,2.0,63.0,1.0,5.0,73000.0,31.5
Sabunçu,Bakıxanov,2.0,81.0,1.0,5.0,183500.0,40.5
Sabunçu,Savalan,3.0,73.0,1.0,9.0,82000.0,24.333333333333332
Sabunçu,Ramana,4.0,119.0,6.0,9.0,158000.0,29.75
Sabunçu,Ramana,3.0,72.0,3.0,5.0,91000.0,24.0
Sabunçu,Bakıxanov,2.0,82.0,2.0,9.0,202000.0,41.0
Sabunçu,Bakıxanov,2.0,58.0,2.0,4.0,173500.0,29.0
Sabunçu,Ramana,4.0,116.0,2.0,4.0,138500.0,29.0
Sabunçu,Sea Breeze,2.0,79.0,2.0,14.0,254500.0,39.5
Sabunçu,Sabunçu,4.0,148.0,5.0,9.0,302000.0,37.0
Sabunçu,Bakıxanov,3.0,108.0,4.0,9.0,296500.0,36.0
Sabunçu,Zabrat,3.0,80.0,8.0,8.0,102500.0,26.666666666666668
Sabunçu,Sea Breeze,3.0,95.0,1.0,4.0,407500.0,31.666666666666668
Sabunçu,Ramana,3.0,84.0,3.0,5.0,127500.0,28.0
Sabunçu,Zabrat,3.0,78.0,4.0,4.0,77000.0,26.0
Sabunçu,Ramana,3.0,82.0,4.0,5.0,101500.0,27.333333333333332
Sabunçu,Zabrat,3.0,60.0,4.0,4.0,57000.0,20.0
Sabunçu,Bakıxanov,2.0,67.0,4.0,4.0,202500.0,33.5
Sabunçu,Bakıxanov,2.0,69.0,8.0,9.0,158500.0,34.5
Sabunçu,Bakıxanov,4.0,156.0,1.0,5.0,340000.0,39.0
Sabunçu,Ramana,4.0,98.0,4.0,4.0,121000.0,24.5
Sabunçu,Zabrat,4.0,103.0,1.0,4.0,136500.0,25.75
Sabunçu,Bakıxanov,3.0,90.0,2.0,4.0,235500.0,30.0
Sabunçu,Bakıxanov,2.0,61.0,4.0,8.0,188500.0,30.5
Sabunçu,Ramana,4.0,94.0,4.0,4.0,127000.0,23.5
Sabunçu,Zabrat,2.0,60.0,2.0,8.0,65500.0,30.0
Sabunçu,Bakıxanov,1.0,41.0,1.0,5.0,119500.0,41.0
Sabunçu,Sea Breeze,2.0,98.0,1.0,9.0,358000.0,49.0
Sabunçu,Sabunçu,3.0,104.0,8.0,9.0,189000.0,34.666666666666664
Sabunçu,Zabrat,2.0,64.0,5.0,5.0,81500.0,32.0
Sabunçu,Zabrat,4.0,106.0,3.0,10.0,150500.0,26.5
Sabunçu,Ramana,2.0,74.0,1.0,9.0,58000.0,37.0
Sabunçu,Sea Breeze,2.0,72.0,3.0,14.0,383000.0,36.0
Sabunçu,Zabrat,3.0,93.0,3.0,5.0,119500.0,31.0
Sabunçu,Zabrat,1.0,34.0,4.0,8.0,59000.0,34.0
Sabunçu,Sea Breeze,2.0,82.0,4.0,9.0,498500.0,41.0
Sabunçu,Bakıxanov,2.0,82.0,1.0,8.0,236000.0,41.0
Sabunçu,Bakıxanov,4.0,123.0,5.0,5.0,279000.0,30.75
Sabunçu,Savalan,4.0,96.0,3.0,5.0,140000.0,24.0
Sabunçu,Bakıxanov,3.0,97.0,8.0,8.0,228000.0,32.333333333333336
Sabunçu,Bakıxanov,5.0,142.0,4.0,8.0,340000.0,28.4
Sabunçu,Ramana,2.0,67.0,3.0,5.0,66500.0,33.5
Sabunçu,Sea Breeze,2.0,91.0,13.0,14.0,297000.0,45.5
Sabunçu,Savalan,2.0,53.0,8.0,9.0,70000.0,26.5
Səbail,Badamdar,2.0,87.0,11.0,16.0,267500.0,43.5
Səbail,Şıxov,3.0,91.0,5.0,5.0,239000.0,30.333333333333332
Səbail,Badamdar,4.0,130.0,11.0,13.0,335500.0,32.5
Səbail,20-ci Sahə,3.0,80.0,1.0,1.0,156000.0,26.666666666666668
Səbail,Bibiheybət,3.0,98.0,14.0,16.0,207000.0,32.666666666666664
Səbail,Bayıl,3.0,82.0,8.0,17.0,146000.0,27.333333333333332
Səbail,Bibiheybət,2.0,75.0,15.0,16.0,191500.0,37.5
Səbail,Bibiheybət,2.0,75.0,14.0,17.0,214000.0,37.5
Səbail,Badamdar,3.0,84.0,9.0,18.0,233000.0,28.0
Səbail,Bayıl,1.0,44.0,1.0,6.0,115000.0,44.0
Səbail,Bibiheybət,3.0,83.0,1.0,2.0,232500.0,27.666666666666668
Səbail,20-ci Sahə,4.0,83.0,2.0,2.0,165500.0,20.75
Səbail,20-ci Sahə,2.0,75.0,2.0,5.0,151000.0,37.5
Səbail,Badamdar,3.0,106.0,18.0,18.0,191000.0,35.333333333333336
Səbail,Şıxov,1.0,53.0,3.0,5.0,140000.0,53.0
Səbail,Badamdar,3.0,94.0,1.0,3.0,286500.0,31.333333333333332
Səbail,Şıxov,3.0,124.0,1.0,7.0,355500.0,41.333333333333336
Səbail,Bayıl,3.0,122.0,3.0,6.0,251500.0,40.666666666666664
Səbail,Bibiheybət,2.0,63.0,10.0,17.0,103000.0,31.5
Səbail,Bayıl,3.0,74.0,13.0,16.0,197500.0,24.666666666666668
Səbail,Şıxov,3.0,142.0,4.0,5.0,380000.0,47.333333333333336
Səbail,Badamdar,3.0,135.0,3.0,3.0,380000.0,45.0
Səbail,Badamdar,3.0,86.0,6.0,18.0,203000.0,28.666666666666668
Səbail,Badamdar,1.0,36.0,2.0,18.0,110000.0,36.0
Səbail,Bibiheybət,2.0,51.0,5.0,20.0,108500.0,25.5
Səbail,Bibiheybət,3.0,100.0,6.0,16.0,243500.0,33.333333333333336
Səbail,Bibiheybət,2.0,77.0,2.0,17.0,174500.0,38.5
Səbail,Şıxov,1.0,52.0,3.0,5.0,176000.0,52.0
Səbail,Badamdar,3.0,87.0,3.0,16.0,272000.0,29.0
Səbail,20-ci Sahə,2.0,62.0,5.0,5.0,118500.0,31.0
Səbail,20-ci Sahə,3.0,68.0,2.0,5.0,110000.0,22.666666666666668
Səbail,Bibiheybət,2.0,62.0,11.0,12.0,176500.0,31.0
Səbail,20-ci Sahə,2.0,46.0,1.0,17.0,111000.0,23.0
Səbail,Badamdar,3.0,102.0,10.0,16.0,278500.0,34.0
Səbail,Şıxov,2.0,84.0,3.0,6.0,181500.0,42.0
Səbail,20-ci Sahə,2.0,59.0,14.0,17.0,127500.0,29.5
Səbail,20-ci Sahə,1.0,35.0,1.0,1.0,75000.0,35.0
Səbail,Badamdar,4.0,124.0,3.0,16.0,329500.0,31.0
Səbail,Şıxov,1.0,46.0,1.0,6.0,140000.0,46.0
Səbail,Bibiheybət,2.0,68.0,3.0,16.0,112500.0,34.0
Səbail,Bayıl,3.0,117.0,5.0,6.0,288500.0,39.0
Səbail,Bibiheybət,2.0,64.0,1.0,2.0,158000.0,32.0
Səbail,Badamdar,3.0,106.0,5.0,18.0,291500.0,35.333333333333336
Səbail,20-ci Sahə,4.0,80.0,1.0,2.0,198000.0,20.0
Səbail,Bibiheybət,2.0,56.0,8.0,16.0,119000.0,28.0
Səbail,20-ci Sahə,3.0,84.0,2.0,2.0,158000.0,28.0
Səbail,Bayıl,4.0,127.0,9.0,17.0,320000.0,31.75
Səbail,Şıxov,3.0,118.0,4.0,7.0,219000.0,39.333333333333336
Səbail,Bayıl,3.0,85.0,14.0,16.0,203000.0,28.333333333333332
Səbail,Bayıl,2.0,77.0,1.0,6.0,186500.0,38.5
Səbail,Bayıl,3.0,105.0,1.0,6.0,235500.0,35.0
Səbail,Bibiheybət,2.0,63.0,1.0,20.0,149500.0,31.5
Səbail,Bibiheybət,3.0,97.0,4.0,20.0,187000.0,32.333333333333336
Səbail,Şıxov,4.0,129.0,2.0,5.0,301500.0,32.25
Səbail,Badamdar,3.0,107.0,9.0,16.0,224000.0,35.666666666666664
Səbail,Badamdar,3.0,118.0,3.0,3.0,353000.0,39.333333333333336
Səbail,Bibiheybət,2.0,59.0,15.0,20.0,120000.0,29.5
Səbail,Bayıl,4.0,125.0,3.0,6.0,320000.0,31.25
Səbail,Bayıl,2.0,87.0,4.0,6.0,208000.0,43.5
Səbail,Badamdar,2.0,74.0,4.0,16.0,253000.0,37.0
Səbail,Bayıl,3.0,107.0,2.0,6.0,252000.0,35.666666666666664
Səbail,Bibiheybət,3.0,109.0,17.0,17.0,286500.0,36.333333333333336
Səbail,Bibiheybət,2.0,86.0,17.0,17.0,168000.0,43.0
Səbail,Badamdar,2.0,72.0,13.0,16.0,179000.0,36.0
Səbail,Bayıl,3.0,87.0,1.0,6.0,197500.0,29.0
Səbail,Şıxov,3.0,103.0,2.0,5.0,222500.0,34.333333333333336
Səbail,Şıxov,4.0,136.0,4.0,6.0,380000.0,34.0
Səbail,20-ci Sahə,2.0,62.0,14.0,17.0,115000.0,31.0
Səbail,20-ci Sahə,2.0,60.0,15.0,17.0,83500.0,30.0
Səbail,Bibiheybət,3.0,91.0,11.0,12.0,241000.0,30.333333333333332
Səbail,20-ci Sahə,4.0,101.0,2.0,17.0,167000.0,25.25
Səbail,Bibiheybət,3.0,98.0,4.0,12.0,228500.0,32.666666666666664
Səbail,20-ci Sahə,1.0,42.0,2.0,3.0,106000.0,42.0
Səbail,Bayıl,3.0,81.0,6.0,17.0,174000.0,27.0
Səbail,Badamdar,4.0,112.0,6.0,16.0,299500.0,28.0
Səbail,Şıxov,3.0,138.0,3.0,5.0,380000.0,46.0
Səbail,Badamdar,1.0,55.0,3.0,16.0,110000.0,55.0
Səbail,Bayıl,3.0,102.0,7.0,17.0,281000.0,34.0
Səbail,20-ci Sahə,3.0,75.0,1.0,1.0,149500.0,25.0
Səbail,Şıxov,3.0,121.0,3.0,7.0,289000.0,40.333333333333336
Səbail,Bibiheybət,2.0,84.0,2.0,12.0,150500.0,42.0
Səbail,Bibiheybət,2.0,55.0,2.0,17.0,120000.0,27.5
Səbail,Badamdar,3.0,117.0,17.0,18.0,333500.0,39.0
Səbail,Bibiheybət,2.0,58.0,2.0,20.0,100000.0,29.0
Səbail,Bibiheybət,3.0,101.0,9.0,17.0,241500.0,33.666666666666664
Səbail,Badamdar,2.0,90.0,7.0,13.0,212000.0,45.0
Səbail,20-ci Sahə,3.0,90.0,1.0,3.0,212000.0,30.0
Səbail,Bibiheybət,3.0,97.0,1.0,2.0,172500.0,32.333333333333336
Səbail,Badamdar,2.0,84.0,1.0,3.0,173500.0,42.0
Səbail,Badamdar,2.0,68.0,8.0,13.0,117000.0,34.0
Səbail,Bibiheybət,3.0,84.0,7.0,20.0,232500.0,28.0
Səbail,Badamdar,2.0,76.0,2.0,3.0,199000.0,38.0
Səbail,Bibiheybət,2.0,70.0,1.0,2.0,131500.0,35.0
Səbail,Şıxov,3.0,134.0,5.0,7.0,380000.0,44.666666666666664
Səbail,Bibiheybət,4.0,114.0,2.0,2.0,216500.0,28.5
Səbail,Bibiheybət,3.0,108.0,5.0,12.0,330000.0,36.0
Səbail,Bayıl,2.0,75.0,6.0,16.0,145500.0,37.5
Səbail,Bibiheybət,3.0,81.0,11.0,16.0,185000.0,27.0
Səbail,Badamdar,3.0,116.0,17.0,18.0,337500.0,38.666666666666664
Səbail,Şıxov,2.0,75.0,3.0,6.0,251000.0,37.5
Səbail,Bayıl,4.0,114.0,2.0,17.0,234000.0,28.5
Səbail,Badamdar,2.0,79.0,3.0,3.0,222500.0,39.5
Səbail,Bayıl,3.0,101.0,7.0,16.0,268500.0,33.666666666666664
Səbail,Badamdar,3.0,121.0,1.0,13.0,277000.0,40.333333333333336
Səbail,Bibiheybət,3.0,94.0,3.0,17.0,241000.0,31.333333333333332
Səbail,Bayıl,2.0,99.0,8.0,17.0,223500.0,49.5
Səbail,Badamdar,1.0,42.0,1.0,3.0,135000.0,42.0
Səbail,Badamdar,2.0,85.0,4.0,18.0,267500.0,42.5
Səbail,Şıxov,2.0,83.0,2.0,7.0,244000.0,41.5
Səbail,20-ci Sahə,2.0,66.0,14.0,17.0,137500.0,33.0
Səbail,Badamdar,3.0,118.0,9.0,16.0,273500.0,39.333333333333336
Səbail,Bibiheybət,3.0,93.0,2.0,2.0,192000.0,31.0
Səbail,Bayıl,2.0,74.0,5.0,6.0,172000.0,37.0
Səbail,Şıxov,3.0,154.0,2.0,7.0,380000.0,51.333333333333336
Səbail,20-ci Sahə,3.0,75.0,1.0,1.0,122500.0,25.0
Səbail,Şıxov,3.0,158.0,4.0,7.0,380000.0,52.666666666666664
Səbail,Badamdar,3.0,99.0,15.0,18.0,296500.0,33.0
Səbail,20-ci Sahə,3.0,68.0,1.0,1.0,145500.0,22.666666666666668
Səbail,Bayıl,3.0,109.0,13.0,16.0,273000.0,36.333333333333336
Səbail,Badamdar,3.0,83.0,14.0,16.0,241000.0,27.666666666666668
Səbail,Bayıl,2.0,98.0,6.0,16.0,270500.0,49.0
Səbail,Bibiheybət,3.0,110.0,5.0,17.0,306000.0,36.666666666666664
Səbail,20-ci Sahə,2.0,60.0,1.0,2.0,121500.0,30.0
Səbail,Şıxov,1.0,51.0,3.0,5.0,140000.0,51.0
Səbail,20-ci Sahə,2.0,59.0,3.0,5.0,115500.0,29.5
Səbail,Şıxov,4.0,171.0,4.0,6.0,380000.0,42.75
Səbail,Badamdar,2.0,72.0,2.0,16.0,138500.0,36.0
Səbail,Bibiheybət,3.0,104.0,1.0,17.0,240500.0,34.666666666666664
Səbail,Bibiheybət,3.0,81.0,5.0,16.0,182500.0,27.0
Səbail,Badamdar,3.0,134.0,18.0,18.0,368500.0,44.666666666666664
Səbail,Şıxov,2.0,67.0,6.0,7.0,246000.0,33.5
Səbail,Bayıl,2.0,90.0,6.0,16.0,196000.0,45.0
Səbail,Şıxov,3.0,157.0,4.0,6.0,299000.0,52.333333333333336
Səbail,20-ci Sahə,3.0,78.0,1.0,1.0,173000.0,26.0
Səbail,Şıxov,3.0,96.0,2.0,5.0,258000.0,32.0
Səbail,Bayıl,2.0,74.0,15.0,17.0,181000.0,37.0
Səbail,Badamdar,2.0,77.0,18.0,18.0,220500.0,38.5
Səbail,Şıxov,4.0,123.0,2.0,5.0,380000.0,30.75
Səbail,Şıxov,2.0,74.0,3.0,7.0,217000.0,37.0
Səbail,Bayıl,4.0,108.0,4.0,16.0,216000.0,27.0
Səbail,Badamdar,3.0,121.0,1.0,3.0,301500.0,40.333333333333336
Səbail,Şıxov,2.0,80.0,2.0,7.0,205000.0,40.0
Səbail,Badamdar,2.0,67.0,10.0,13.0,178500.0,33.5
Səbail,Bayıl,3.0,119.0,16.0,16.0,320000.0,39.666666666666664
Səbail,Bayıl,3.0,85.0,17.0,17.0,272500.0,28.333333333333332
Səbail,Bibiheybət,2.0,86.0,10.0,16.0,189000.0,43.0
Səbail,Şıxov,1.0,45.0,4.0,5.0,140000.0,45.0
Səbail,20-ci Sahə,4.0,107.0,5.0,17.0,230000.0,26.75
Səbail,Şıxov,2.0,66.0,1.0,7.0,187500.0,33.0
Səbail,Bibiheybət,3.0,83.0,6.0,12.0,193000.0,27.666666666666668
Səbail,Badamdar,3.0,80.0,2.0,18.0,181000.0,26.666666666666668
Səbail,Bibiheybət,3.0,77.0,1.0,2.0,185000.0,25.666666666666668
Səbail,Şıxov,2.0,80.0,2.0,6.0,186000.0,40.0
Səbail,20-ci Sahə,4.0,94.0,1.0,1.0,197500.0,23.5
Səbail,Şıxov,2.0,78.0,7.0,7.0,231000.0,39.0
Səbail,20-ci Sahə,2.0,70.0,1.0,1.0,173500.0,35.0
Səbail,Bibiheybət,2.0,90.0,2.0,2.0,219500.0,45.0
Səbail,20-ci Sahə,4.0,105.0,2.0,3.0,230000.0,26.25
Səbail,Badamdar,3.0,96.0,3.0,3.0,296000.0,32.0
Səbail,Bibiheybət,4.0,111.0,5.0,12.0,330000.0,27.75
Səbail,20-ci Sahə,4.0,95.0,13.0,17.0,224500.0,23.75
Səbail,Bibiheybət,3.0,80.0,2.0,17.0,236000.0,26.666666666666668
Səbail,20-ci Sahə,2.0,50.0,2.0,3.0,106000.0,25.0
Səbail,Badamdar,3.0,117.0,7.0,13.0,371000.0,39.0
Səbail,Badamdar,3.0,114.0,1.0,18.0,279500.0,38.0
Səbail,Badamdar,3.0,125.0,3.0,13.0,312000.0,41.666666666666664
Səbail,Şıxov,1.0,47.0,3.0,6.0,140000.0,47.0
Səbail,Bibiheybət,3.0,98.0,11.0,17.0,202000.0,32.666666666666664
Səbail,Bayıl,3.0,105.0,5.0,6.0,300500.0,35.0
Səbail,Badamdar,2.0,89.0,13.0,13.0,207000.0,44.5
Səbail,Şıxov,2.0,85.0,4.0,5.0,220000.0,42.5
Səbail,Şıxov,3.0,137.0,4.0,5.0,380000.0,45.666666666666664
Səbail,Bayıl,3.0,96.0,2.0,16.0,235000.0,32.0
Səbail,Badamdar,3.0,94.0,16.0,16.0,207500.0,31.333333333333332
Səbail,Bayıl,2.0,72.0,2.0,6.0,198500.0,36.0
Səbail,Şıxov,2.0,60.0,4.0,5.0,174500.0,30.0
Səbail,20-ci Sahə,3.0,63.0,2.0,5.0,109500.0,21.0
Səbail,20-ci Sahə,3.0,81.0,2.0,3.0,195000.0,27.0
Səbail,Bibiheybət,2.0,54.0,6.0,12.0,126000.0,27.0
Səbail,Şıxov,2.0,64.0,5.0,6.0,218500.0,32.0
Səbail,Badamdar,3.0,120.0,18.0,18.0,335000.0,40.0
Səbail,Badamdar,1.0,38.0,16.0,18.0,110000.0,38.0
Səbail,Şıxov,3.0,113.0,4.0,7.0,311000.0,37.666666666666664
Səbail,20-ci Sahə,3.0,60.0,9.0,17.0,110000.0,20.0
Səbail,Bibiheybət,3.0,110.0,2.0,2.0,294000.0,36.666666666666664
Səbail,Bayıl,3.0,114.0,6.0,6.0,216000.0,38.0
Səbail,Bibiheybət,2.0,66.0,2.0,17.0,157500.0,33.0
Səbail,20-ci Sahə,4.0,95.0,1.0,1.0,201000.0,23.75
Səbail,Bibiheybət,2.0,84.0,8.0,12.0,183000.0,42.0
Səbail,Şıxov,2.0,61.0,2.0,5.0,140000.0,30.5
Səbail,Bibiheybət,3.0,82.0,7.0,20.0,236500.0,27.333333333333332
Səbail,Bibiheybət,2.0,72.0,4.0,17.0,211500.0,36.0
Səbail,Şıxov,3.0,121.0,7.0,7.0,307000.0,40.333333333333336
Səbail,Badamdar,3.0,86.0,8.0,18.0,277500.0,28.666666666666668
Səbail,Bayıl,3.0,90.0,4.0,16.0,287500.0,30.0
Səbail,Bibiheybət,1.0,44.0,1.0,17.0,103000.0,44.0
Səbail,Bibiheybət,2.0,73.0,2.0,2.0,115500.0,36.5
Səbail,Şıxov,3.0,110.0,4.0,6.0,380000.0,36.666666666666664
Səbail,Badamdar,4.0,151.0,2.0,3.0,380000.0,37.75
Səbail,20-ci Sahə,4.0,94.0,1.0,3.0,208000.0,23.5
Səbail,20-ci Sahə,2.0,70.0,2.0,2.0,121500.0,35.0
Səbail,20-ci Sahə,2.0,49.0,2.0,5.0,75000.0,24.5
Səbail,Şıxov,2.0,75.0,1.0,5.0,141000.0,37.5
Səbail,Badamdar,3.0,119.0,11.0,13.0,268500.0,39.666666666666664
Səbail,Şıxov,2.0,85.0,3.0,6.0,281500.0,42.5
Səbail,20-ci Sahə,2.0,48.0,1.0,1.0,111000.0,24.0
Səbail,Şıxov,2.0,68.0,4.0,5.0,159500.0,34.0
Səbail,Badamdar,3.0,134.0,14.0,16.0,380000.0,44.666666666666664
Səbail,Şıxov,3.0,131.0,3.0,7.0,300000.0,43.666666666666664
Səbail,20-ci Sahə,3.0,84.0,7.0,17.0,149000.0,28.0
Səbail,Badamdar,3.0,106.0,1.0,16.0,318000.0,35.333333333333336
Səbail,Badamdar,3.0,84.0,7.0,13.0,160500.0,28.0
Səbail,20-ci Sahə,2.0,64.0,3.0,5.0,136000.0,32.0
Səbail,Bayıl,2.0,62.0,2.0,6.0,124500.0,31.0
Səbail,20-ci Sahə,3.0,78.0,1.0,1.0,136500.0,26.0
Səbail,Badamdar,2.0,72.0,3.0,16.0,142000.0,36.0
Səbail,Bayıl,2.0,84.0,2.0,6.0,196000.0,42.0
Səbail,Badamdar,3.0,138.0,1.0,16.0,372000.0,46.0
Səbail,Badamdar,3.0,112.0,6.0,13.0,373000.0,37.333333333333336
Səbail,Şıxov,3.0,90.0,3.0,5.0,280500.0,30.0
Səbail,Şıxov,1.0,42.0,3.0,5.0,140000.0,42.0
Səbail,Badamdar,4.0,131.0,7.0,16.0,329000.0,32.75
Səbail,20-ci Sahə,4.0,118.0,3.0,3.0,193500.0,29.5
Səbail,Bayıl,2.0,62.0,2.0,6.0,167500.0,31.0
Səbail,Badamdar,3.0,106.0,6.0,18.0,283000.0,35.333333333333336
Səbail,Şıxov,3.0,90.0,5.0,5.0,193500.0,30.0
Səbail,Badamdar,2.0,86.0,9.0,18.0,158500.0,43.0
Səbail,Şıxov,3.0,92.0,5.0,7.0,309000.0,30.666666666666668
Səbail,20-ci Sahə,4.0,116.0,6.0,17.0,230000.0,29.0
Səbail,Badamdar,4.0,130.0,1.0,18.0,320500.0,32.5
Səbail,Bibiheybət,3.0,89.0,1.0,2.0,246500.0,29.666666666666668
Səbail,Şıxov,3.0,147.0,3.0,6.0,380000.0,49.0
Səbail,Şıxov,1.0,48.0,1.0,7.0,145000.0,48.0
Səbail,Badamdar,3.0,140.0,14.0,16.0,358000.0,46.666666666666664
Səbail,20-ci Sahə,3.0,68.0,12.0,17.0,165500.0,22.666666666666668
Səbail,Bayıl,2.0,72.0,13.0,16.0,159000.0,36.0
Səbail,Badamdar,3.0,82.0,2.0,13.0,214000.0,27.333333333333332
Səbail,Şıxov,4.0,122.0,3.0,6.0,271000.0,30.5
Səbail,Şıxov,2.0,64.0,5.0,6.0,180000.0,32.0
Səbail,Bayıl,1.0,45.0,13.0,17.0,128000.0,45.0
Səbail,Şıxov,1.0,53.0,2.0,6.0,140000.0,53.0
Səbail,20-ci Sahə,3.0,85.0,1.0,17.0,136000.0,28.333333333333332
Səbail,Bayıl,4.0,143.0,6.0,17.0,320000.0,35.75
Səbail,20-ci Sahə,2.0,70.0,1.0,5.0,152000.0,35.0
Səbail,Bibiheybət,3.0,98.0,5.0,20.0,241000.0,32.666666666666664
Səbail,Bibiheybət,3.0,107.0,3.0,12.0,229000.0,35.666666666666664
Səbail,Bayıl,2.0,95.0,7.0,17.0,249000.0,47.5
Səbail,Badamdar,3.0,110.0,12.0,13.0,283000.0,36.666666666666664
Səbail,Bibiheybət,4.0,125.0,4.0,17.0,269000.0,31.25
Səbail,Bayıl,4.0,135.0,3.0,17.0,320000.0,33.75
Suraxanı,Hövsan,4.0,107.0,4.0,7.0,185000.0,26.75
Suraxanı,Günəşli,2.0,62.0,4.0,10.0,152500.0,31.0
Suraxanı,Qaraçuxur,4.0,122.0,6.0,11.0,220000.0,30.5
Suraxanı,Günəşli,2.0,64.0,5.0,10.0,132000.0,32.0
Suraxanı,Zığ,2.0,59.0,10.0,14.0,95000.0,29.5
Suraxanı,Zığ,5.0,134.0,1.0,5.0,210000.0,26.8
Suraxanı,Günəşli,3.0,93.0,6.0,15.0,245000.0,31.0
Suraxanı,Zığ,5.0,130.0,13.0,14.0,210000.0,26.0
Suraxanı,Hövsan,4.0,116.0,9.0,9.0,185000.0,29.0
Suraxanı,Zığ,3.0,78.0,5.0,9.0,144000.0,26.0
Suraxanı,Qaraçuxur,2.0,54.0,2.0,5.0,91500.0,27.0
Suraxanı,Qaraçuxur,4.0,95.0,1.0,5.0,220000.0,23.75
Suraxanı,Qaraçuxur,2.0,55.0,7.0,11.0,101000.0,27.5
Suraxanı,Günəşli,2.0,60.0,2.0,10.0,170000.0,30.0
Suraxanı,Qaraçuxur,2.0,66.0,8.0,12.0,126500.0,33.0
Suraxanı,Qaraçuxur,2.0,68.0,2.0,5.0,182000.0,34.0
Suraxanı,Qaraçuxur,2.0,49.0,2.0,4.0,95500.0,24.5
Suraxanı,Qaraçuxur,2.0,63.0,4.0,5.0,138000.0,31.5
Suraxanı,Hövsan,2.0,43.0,1.0,7.0,69000.0,21.5
Suraxanı,Zığ,2.0,55.0,3.0,5.0,84500.0,27.5
Suraxanı,Qaraçuxur,2.0,60.0,9.0,11.0,95000.0,30.0
Suraxanı,Zığ,2.0,51.0,5.0,9.0,95500.0,25.5
Suraxanı,Zığ,2.0,57.0,2.0,9.0,79500.0,28.5
Suraxanı,Günəşli,3.0,100.0,4.0,15.0,217500.0,33.333333333333336
Suraxanı,Günəşli,3.0,100.0,14.0,14.0,175500.0,33.333333333333336
Suraxanı,Günəşli,3.0,105.0,2.0,14.0,210500.0,35.0
Suraxanı,Qaraçuxur,3.0,77.0,3.0,5.0,215500.0,25.666666666666668
Suraxanı,Günəşli,2.0,58.0,1.0,9.0,130000.0,29.0
Suraxanı,Günəşli,3.0,71.0,1.0,15.0,172500.0,23.666666666666668
Suraxanı,Günəşli,3.0,72.0,11.0,15.0,162500.0,24.0
Suraxanı,Hövsan,2.0,45.0,5.0,7.0,69500.0,22.5
Suraxanı,Hövsan,3.0,85.0,4.0,5.0,163000.0,28.333333333333332
Suraxanı,Hövsan,3.0,80.0,4.0,9.0,99000.0,26.666666666666668
Suraxanı,Günəşli,3.0,87.0,5.0,15.0,228000.0,29.0
Suraxanı,Qaraçuxur,2.0,53.0,1.0,4.0,139500.0,26.5
Suraxanı,Günəşli,3.0,79.0,10.0,14.0,176000.0,26.333333333333332
Suraxanı,Günəşli,2.0,62.0,12.0,14.0,175000.0,31.0
Suraxanı,Zığ,4.0,102.0,1.0,5.0,152500.0,25.5
Suraxanı,Günəşli,2.0,59.0,1.0,10.0,118500.0,29.5
Suraxanı,Zığ,5.0,136.0,9.0,9.0,210000.0,27.2
Suraxanı,Günəşli,2.0,74.0,3.0,15.0,198000.0,37.0
Suraxanı,Zığ,2.0,70.0,7.0,9.0,115500.0,35.0
Suraxanı,Qaraçuxur,2.0,66.0,1.0,4.0,98000.0,33.0
Suraxanı,Hövsan,4.0,113.0,1.0,5.0,185000.0,28.25
Suraxanı,Günəşli,3.0,82.0,2.0,15.0,167000.0,27.333333333333332
Suraxanı,Hövsan,4.0,98.0,2.0,5.0,157000.0,24.5
Suraxanı,Hövsan,3.0,87.0,1.0,7.0,120000.0,29.0
Suraxanı,Günəşli,3.0,74.0,7.0,15.0,167500.0,24.666666666666668
Suraxanı,Hövsan,3.0,73.0,6.0,7.0,81000.0,24.333333333333332
Suraxanı,Qaraçuxur,2.0,66.0,5.0,12.0,122000.0,33.0
Suraxanı,Günəşli,3.0,70.0,10.0,15.0,156500.0,23.333333333333332
Suraxanı,Günəşli,3.0,79.0,5.0,10.0,212500.0,26.333333333333332
Suraxanı,Zığ,4.0,110.0,5.0,5.0,186500.0,27.5
Suraxanı,Zığ,3.0,98.0,4.0,9.0,166500.0,32.666666666666664
Suraxanı,Günəşli,3.0,76.0,8.0,9.0,182500.0,25.333333333333332
Suraxanı,Günəşli,2.0,75.0,2.0,10.0,163000.0,37.5
Suraxanı,Hövsan,4.0,98.0,5.0,9.0,155000.0,24.5
Suraxanı,Hövsan,4.0,91.0,1.0,7.0,179000.0,22.75
Suraxanı,Günəşli,4.0,103.0,1.0,15.0,223000.0,25.75
Suraxanı,Günəşli,3.0,80.0,8.0,14.0,182500.0,26.666666666666668
Suraxanı,Hövsan,3.0,76.0,3.0,5.0,139000.0,25.333333333333332
Suraxanı,Zığ,2.0,61.0,4.0,5.0,88500.0,30.5
Suraxanı,Günəşli,2.0,74.0,10.0,10.0,148500.0,37.0
Suraxanı,Hövsan,4.0,95.0,2.0,7.0,134500.0,23.75
Suraxanı,Günəşli,2.0,75.0,4.0,14.0,151000.0,37.5
Suraxanı,Qaraçuxur,4.0,109.0,4.0,11.0,220000.0,27.25
Suraxanı,Qaraçuxur,2.0,50.0,1.0,4.0,117000.0,25.0
Suraxanı,Zığ,3.0,89.0,4.0,14.0,175500.0,29.666666666666668
Suraxanı,Günəşli,3.0,95.0,10.0,15.0,225000.0,31.666666666666668
Suraxanı,Günəşli,4.0,95.0,10.0,10.0,179500.0,23.75
Suraxanı,Günəşli,1.0,35.0,9.0,15.0,90000.0,35.0
Suraxanı,Hövsan,3.0,86.0,3.0,5.0,149500.0,28.666666666666668
Suraxanı,Qaraçuxur,3.0,81.0,11.0,11.0,136000.0,27.0
Suraxanı,Hövsan,3.0,69.0,5.0,5.0,89000.0,23.0
Suraxanı,Günəşli,4.0,127.0,2.0,9.0,245000.0,31.75
Suraxanı,Hövsan,4.0,118.0,5.0,5.0,185000.0,29.5
Suraxanı,Qaraçuxur,4.0,93.0,3.0,4.0,220000.0,23.25
Suraxanı,Qaraçuxur,4.0,108.0,5.0,12.0,220000.0,27.0
Suraxanı,Zığ,5.0,143.0,14.0,14.0,199500.0,28.6
Suraxanı,Günəşli,3.0,99.0,7.0,9.0,236000.0,33.0
Suraxanı,Günəşli,2.0,65.0,5.0,10.0,184500.0,32.5
Suraxanı,Günəşli,2.0,72.0,8.0,9.0,135000.0,36.0
Suraxanı,Qaraçuxur,3.0,87.0,1.0,5.0,173000.0,29.0
Suraxanı,Hövsan,4.0,115.0,1.0,5.0,184000.0,28.75
Suraxanı,Günəşli,3.0,85.0,8.0,9.0,223000.0,28.333333333333332
Suraxanı,Günəşli,3.0,92.0,4.0,15.0,228500.0,30.666666666666668
Suraxanı,Günəşli,2.0,57.0,8.0,10.0,92000.0,28.5
Suraxanı,Qaraçuxur,2.0,55.0,6.0,12.0,113000.0,27.5
Suraxanı,Qaraçuxur,3.0,74.0,9.0,11.0,176000.0,24.666666666666668
Suraxanı,Qaraçuxur,1.0,44.0,2.0,5.0,91500.0,44.0
Suraxanı,Günəşli,3.0,85.0,9.0,9.0,182500.0,28.333333333333332
Suraxanı,Hövsan,2.0,57.0,5.0,9.0,96000.0,28.5
Suraxanı,Zığ,2.0,67.0,3.0,9.0,127000.0,33.5
Suraxanı,Günəşli,3.0,74.0,8.0,15.0,181000.0,24.666666666666668
Suraxanı,Hövsan,1.0,37.0,3.0,9.0,65000.0,37.0
Suraxanı,Günəşli,2.0,61.0,1.0,14.0,109000.0,30.5
Suraxanı,Günəşli,3.0,98.0,11.0,15.0,229500.0,32.666666666666664
Suraxanı,Zığ,4.0,96.0,5.0,5.0,127000.0,24.0
Suraxanı,Günəşli,3.0,104.0,2.0,10.0,245000.0,34.666666666666664
Suraxanı,Günəşli,4.0,125.0,6.0,9.0,245000.0,31.25
Suraxanı,Zığ,2.0,56.0,2.0,9.0,92500.0,28.0
Suraxanı,Günəşli,3.0,84.0,2.0,15.0,204500.0,28.0
Suraxanı,Günəşli,2.0,62.0,1.0,9.0,142000.0,31.0
Suraxanı,Hövsan,3.0,85.0,7.0,7.0,137500.0,28.333333333333332
Suraxanı,Günəşli,2.0,62.0,4.0,9.0,125500.0,31.0
Suraxanı,Qaraçuxur,3.0,74.0,11.0,11.0,148500.0,24.666666666666668
Suraxanı,Zığ,1.0,38.0,1.0,9.0,70000.0,38.0
Suraxanı,Hövsan,3.0,72.0,4.0,9.0,93000.0,24.0
Suraxanı,Zığ,2.0,54.0,8.0,9.0,97500.0,27.0
Suraxanı,Günəşli,3.0,97.0,4.0,10.0,237500.0,32.333333333333336
Suraxanı,Günəşli,3.0,98.0,11.0,15.0,213000.0,32.666666666666664
Suraxanı,Zığ,2.0,60.0,6.0,14.0,93500.0,30.0
Suraxanı,Hövsan,5.0,136.0,2.0,7.0,185000.0,27.2
Suraxanı,Qaraçuxur,2.0,63.0,4.0,4.0,138500.0,31.5
Suraxanı,Qaraçuxur,3.0,71.0,1.0,12.0,167500.0,23.666666666666668
Suraxanı,Günəşli,2.0,69.0,5.0,10.0,152500.0,34.5
Suraxanı,Günəşli,4.0,111.0,2.0,9.0,245000.0,27.75
Suraxanı,Zığ,4.0,125.0,6.0,9.0,167000.0,31.25
Suraxanı,Qaraçuxur,2.0,45.0,2.0,5.0,103500.0,22.5
Suraxanı,Hövsan,3.0,78.0,4.0,5.0,133000.0,26.0
Suraxanı,Hövsan,4.0,118.0,9.0,9.0,185000.0,29.5
Suraxanı,Qaraçuxur,1.0,42.0,3.0,5.0,90500.0,42.0
Suraxanı,Qaraçuxur,3.0,98.0,5.0,5.0,205000.0,32.666666666666664
Suraxanı,Qaraçuxur,3.0,105.0,7.0,12.0,220000.0,35.0
Suraxanı,Zığ,3.0,81.0,8.0,9.0,142500.0,27.0
Suraxanı,Günəşli,3.0,101.0,14.0,14.0,183000.0,33.666666666666664
Suraxanı,Hövsan,3.0,65.0,4.0,7.0,92000.0,21.666666666666668
Suraxanı,Hövsan,4.0,95.0,5.0,9.0,124500.0,23.75
Suraxanı,Günəşli,1.0,41.0,8.0,14.0,91500.0,41.0
Suraxanı,Zığ,2.0,65.0,3.0,5.0,80500.0,32.5
Suraxanı,Zığ,2.0,58.0,1.0,5.0,110500.0,29.0
Suraxanı,Zığ,2.0,50.0,3.0,9.0,70000.0,25.0
Suraxanı,Zığ,4.0,112.0,2.0,5.0,143500.0,28.0
Suraxanı,Hövsan,4.0,93.0,3.0,5.0,130500.0,23.25
Suraxanı,Qaraçuxur,2.0,66.0,1.0,4.0,106500.0,33.0
Suraxanı,Günəşli,5.0,123.0,5.0,15.0,245000.0,24.6
Suraxanı,Qaraçuxur,2.0,60.0,9.0,11.0,175000.0,30.0
Suraxanı,Hövsan,3.0,76.0,2.0,7.0,101000.0,25.333333333333332
Suraxanı,Zığ,2.0,59.0,3.0,5.0,70000.0,29.5
Suraxanı,Qaraçuxur,2.0,65.0,1.0,5.0,135500.0,32.5
Suraxanı,Günəşli,3.0,87.0,10.0,15.0,187000.0,29.0
Suraxanı,Günəşli,3.0,90.0,9.0,9.0,235500.0,30.0
Suraxanı,Hövsan,1.0,45.0,2.0,5.0,75500.0,45.0
Suraxanı,Zığ,5.0,134.0,3.0,5.0,210000.0,26.8
Suraxanı,Qaraçuxur,3.0,97.0,5.0,5.0,190000.0,32.333333333333336
Suraxanı,Günəşli,3.0,80.0,4.0,9.0,199500.0,26.666666666666668
Suraxanı,Hövsan,4.0,94.0,6.0,9.0,145500.0,23.5
Suraxanı,Hövsan,5.0,119.0,3.0,9.0,185000.0,23.8
Suraxanı,Günəşli,3.0,80.0,8.0,15.0,156000.0,26.666666666666668
Suraxanı,Günəşli,2.0,67.0,3.0,9.0,180000.0,33.5
Suraxanı,Zığ,4.0,112.0,11.0,14.0,187500.0,28.0
Suraxanı,Qaraçuxur,2.0,67.0,12.0,12.0,134500.0,33.5
Suraxanı,Qaraçuxur,2.0,57.0,6.0,11.0,91000.0,28.5
Suraxanı,Qaraçuxur,1.0,40.0,3.0,4.0,80000.0,40.0
Suraxanı,Zığ,2.0,54.0,4.0,9.0,83500.0,27.0
Suraxanı,Qaraçuxur,2.0,65.0,3.0,11.0,175000.0,32.5
Suraxanı,Zığ,4.0,106.0,9.0,9.0,129500.0,26.5
Suraxanı,Qaraçuxur,3.0,102.0,4.0,4.0,190500.0,34.0
Suraxanı,Günəşli,2.0,67.0,12.0,14.0,145500.0,33.5
Suraxanı,Zığ,3.0,90.0,2.0,14.0,112500.0,30.0
Suraxanı,Zığ,4.0,121.0,6.0,9.0,149000.0,30.25
Suraxanı,Hövsan,2.0,60.0,3.0,7.0,97500.0,30.0
Suraxanı,Qaraçuxur,2.0,59.0,5.0,5.0,144000.0,29.5
Suraxanı,Zığ,3.0,77.0,9.0,9.0,148500.0,25.666666666666668
Suraxanı,Qaraçuxur,3.0,88.0,5.0,12.0,201500.0,29.333333333333332
Suraxanı,Hövsan,3.0,75.0,2.0,7.0,138500.0,25.0
Suraxanı,Qaraçuxur,2.0,66.0,3.0,4.0,173000.0,33.0
Suraxanı,Qaraçuxur,3.0,85.0,2.0,4.0,212500.0,28.333333333333332
Suraxanı,Hövsan,4.0,105.0,3.0,7.0,185000.0,26.25
Suraxanı,Günəşli,5.0,154.0,2.0,14.0,245000.0,30.8
Suraxanı,Zığ,2.0,61.0,7.0,14.0,121500.0,30.5
Suraxanı,Zığ,4.0,128.0,10.0,14.0,210000.0,32.0
Suraxanı,Qaraçuxur,2.0,51.0,2.0,5.0,117000.0,25.5
Suraxanı,Hövsan,4.0,95.0,3.0,9.0,124500.0,23.75
Suraxanı,Qaraçuxur,3.0,88.0,9.0,12.0,206000.0,29.333333333333332
Suraxanı,Hövsan,4.0,108.0,1.0,5.0,185000.0,27.0
Suraxanı,Zığ,4.0,112.0,2.0,5.0,210000.0,28.0
Suraxanı,Günəşli,4.0,111.0,11.0,15.0,245000.0,27.75
Suraxanı,Günəşli,1.0,36.0,9.0,14.0,108500.0,36.0
Suraxanı,Günəşli,2.0,75.0,5.0,9.0,152500.0,37.5
Suraxanı,Günəşli,3.0,77.0,2.0,15.0,149500.0,25.666666666666668
Suraxanı,Zığ,4.0,121.0,8.0,9.0,210000.0,30.25
Suraxanı,Qaraçuxur,2.0,66.0,11.0,12.0,141500.0,33.0
Suraxanı,Günəşli,3.0,86.0,4.0,14.0,186000.0,28.666666666666668
Suraxanı,Günəşli,3.0,105.0,9.0,15.0,240000.0,35.0
Suraxanı,Günəşli,3.0,97.0,13.0,14.0,229000.0,32.333333333333336
Suraxanı,Günəşli,2.0,61.0,5.0,10.0,135500.0,30.5
Suraxanı,Zığ,2.0,54.0,1.0,5.0,71000.0,27.0
Suraxanı,Hövsan,3.0,93.0,4.0,5.0,167000.0,31.0
Suraxanı,Günəşli,3.0,73.0,9.0,10.0,174500.0,24.333333333333332
Suraxanı,Hövsan,4.0,95.0,4.0,5.0,172000.0,23.75
Suraxanı,Günəşli,3.0,88.0,5.0,9.0,179500.0,29.333333333333332
Suraxanı,Günəşli,4.0,126.0,4.0,15.0,245000.0,31.5
Suraxanı,Qaraçuxur,2.0,67.0,3.0,11.0,159500.0,33.5
Suraxanı,Zığ,3.0,82.0,9.0,9.0,156500.0,27.333333333333332
Suraxanı,Qaraçuxur,2.0,68.0,5.0,5.0,164000.0,34.0
Suraxanı,Qaraçuxur,2.0,52.0,1.0,11.0,126000.0,26.0
Suraxanı,Qaraçuxur,1.0,45.0,3.0,4.0,97500.0,45.0
Suraxanı,Qaraçuxur,3.0,103.0,3.0,12.0,194000.0,34.333333333333336
Suraxanı,Zığ,3.0,87.0,11.0,14.0,173000.0,29.0
Suraxanı,Zığ,3.0,100.0,6.0,9.0,139000.0,33.333333333333336
Suraxanı,Zığ,2.0,59.0,1.0,14.0,107000.0,29.5
Suraxanı,Hövsan,3.0,88.0,1.0,9.0,155500.0,29.333333333333332
Suraxanı,Qaraçuxur,3.0,72.0,1.0,4.0,107500.0,24.0
Suraxanı,Qaraçuxur,2.0,53.0,4.0,4.0,92500.0,26.5
Suraxanı,Günəşli,3.0,94.0,9.0,10.0,241500.0,31.333333333333332
Suraxanı,Günəşli,2.0,60.0,3.0,15.0,113500.0,30.0
Suraxanı,Günəşli,3.0,70.0,10.0,15.0,168000.0,23.333333333333332
Suraxanı,Qaraçuxur,2.0,61.0,7.0,11.0,116000.0,30.5
Suraxanı,Qaraçuxur,3.0,85.0,7.0,12.0,192000.0,28.333333333333332
Suraxanı,Hövsan,2.0,40.0,2.0,9.0,65000.0,20.0
Suraxanı,Günəşli,3.0,95.0,3.0,15.0,215500.0,31.666666666666668
Suraxanı,Zığ,1.0,35.0,3.0,14.0,70000.0,35.0
Suraxanı,Qaraçuxur,4.0,117.0,3.0,4.0,220000.0,29.25
Suraxanı,Qaraçuxur,3.0,94.0,2.0,11.0,178500.0,31.333333333333332
Suraxanı,Zığ,2.0,64.0,2.0,14.0,109500.0,32.0
Suraxanı,Zığ,5.0,149.0,4.0,5.0,210000.0,29.8
Suraxanı,Zığ,3.0,83.0,3.0,9.0,107500.0,27.666666666666668
Suraxanı,Günəşli,3.0,98.0,9.0,15.0,240500.0,32.666666666666664
Suraxanı,Hövsan,4.0,92.0,5.0,7.0,185000.0,23.0
Suraxanı,Zığ,2.0,56.0,9.0,9.0,116000.0,28.0
Suraxanı,Hövsan,3.0,81.0,6.0,7.0,121500.0,27.0
Suraxanı,Günəşli,2.0,70.0,4.0,15.0,128000.0,35.0
Suraxanı,Hövsan,2.0,48.0,1.0,9.0,65000.0,24.0
Suraxanı,Günəşli,3.0,105.0,8.0,10.0,245000.0,35.0
Suraxanı,Zığ,4.0,125.0,7.0,9.0,151500.0,31.25
Suraxanı,Zığ,4.0,124.0,8.0,9.0,210000.0,31.0
Suraxanı,Zığ,2.0,56.0,1.0,5.0,73500.0,28.0
Suraxanı,Qaraçuxur,4.0,94.0,4.0,11.0,176000.0,23.5
Suraxanı,Hövsan,1.0,34.0,1.0,5.0,65000.0,34.0
Suraxanı,Zığ,5.0,132.0,10.0,14.0,210000.0,26.4
Suraxanı,Zığ,1.0,45.0,3.0,5.0,70000.0,45.0
Suraxanı,Qaraçuxur,2.0,53.0,11.0,12.0,111500.0,26.5
Suraxanı,Qaraçuxur,2.0,58.0,4.0,5.0,165000.0,29.0
Suraxanı,Zığ,5.0,125.0,9.0,14.0,210000.0,25.0
Suraxanı,Günəşli,3.0,91.0,3.0,14.0,162500.0,30.333333333333332
Suraxanı,Zığ,2.0,68.0,7.0,14.0,114500.0,34.0
Suraxanı,Zığ,5.0,119.0,5.0,9.0,203000.0,23.8
Suraxanı,Qaraçuxur,3.0,96.0,2.0,5.0,195000.0,32.0
Suraxanı,Hövsan,4.0,120.0,4.0,7.0,185000.0,30.0
Suraxanı,Günəşli,2.0,65.0,13.0,14.0,136000.0,32.5
Suraxanı,Günəşli,4.0,105.0,10.0,15.0,222000.0,26.25
Suraxanı,Günəşli,3.0,105.0,1.0,15.0,234000.0,35.0
Suraxanı,Günəşli,2.0,68.0,3.0,10.0,145500.0,34.0
Suraxanı,Zığ,5.0,118.0,11.0,14.0,193500.0,23.6
Suraxanı,Hövsan,5.0,144.0,5.0,9.0,185000.0,28.8
Suraxanı,Hövsan,4.0,96.0,2.0,7.0,185000.0,24.0
Suraxanı,Qaraçuxur,2.0,53.0,3.0,11.0,80000.0,26.5
Suraxanı,Günəşli,2.0,69.0,4.0,9.0,170500.0,34.5
Suraxanı,Zığ,3.0,96.0,9.0,14.0,151000.0,32.0
Yasamal,Yasamal,3.0,149.0,3.0,16.0,590500.0,49.666666666666664
Yasamal,Yasamal,3.0,74.0,6.0,16.0,236000.0,24.666666666666668
Yasamal,Yasamal,3.0,153.0,2.0,5.0,567000.0,51.0
Yasamal,Yasamal,3.0,121.0,8.0,19.0,437000.0,40.333333333333336
Yasamal,Yasamal,2.0,54.0,6.0,9.0,156000.0,27.0
Yasamal,Yasamal,3.0,151.0,4.0,16.0,413500.0,50.333333333333336
Yasamal,Yasamal,3.0,131.0,5.0,5.0,401000.0,43.666666666666664
Yasamal,Yasamal,1.0,46.0,11.0,19.0,183000.0,46.0
Yasamal,Yasamal,2.0,59.0,1.0,9.0,149500.0,29.5
Yasamal,Yasamal,3.0,112.0,17.0,19.0,440500.0,37.333333333333336
Yasamal,Yasamal,2.0,52.0,8.0,16.0,130000.0,26.0
Yasamal,Yasamal,2.0,78.0,3.0,9.0,195500.0,39.0
Yasamal,Yasamal,3.0,137.0,6.0,9.0,487500.0,45.666666666666664
Yasamal,Yasamal,2.0,48.0,8.0,9.0,155000.0,24.0
Yasamal,Yasamal,2.0,78.0,13.0,16.0,201500.0,39.0
Yasamal,Yasamal,3.0,115.0,13.0,16.0,463500.0,38.333333333333336
Yasamal,Yasamal,3.0,81.0,4.0,16.0,239500.0,27.0
Yasamal,Yasamal,2.0,60.0,9.0,9.0,130000.0,30.0
Yasamal,Yasamal,2.0,64.0,6.0,16.0,189500.0,32.0
Yasamal,Yasamal,2.0,60.0,1.0,9.0,130000.0,30.0
Yasamal,Yasamal,4.0,112.0,1.0,9.0,432500.0,28.0
Yasamal,Yasamal,3.0,88.0,17.0,19.0,326500.0,29.333333333333332
Yasamal,Yasamal,1.0,37.0,15.0,18.0,130000.0,37.0
Yasamal,Yasamal,4.0,158.0,18.0,18.0,574500.0,39.5
Yasamal,Yasamal,3.0,80.0,4.0,5.0,227500.0,26.666666666666668
Yasamal,Yasamal,2.0,80.0,4.0,19.0,279500.0,40.0
Yasamal,Yasamal,3.0,151.0,6.0,9.0,566500.0,50.333333333333336
Yasamal,Yasamal,2.0,54.0,9.0,9.0,130000.0,27.0
Yasamal,Yasamal,2.0,71.0,15.0,19.0,235000.0,35.5
Yasamal,Yasamal,3.0,91.0,14.0,19.0,295500.0,30.333333333333332
Yasamal,Yasamal,2.0,70.0,17.0,18.0,187000.0,35.0
Yasamal,Yasamal,3.0,137.0,3.0,9.0,566500.0,45.666666666666664
Yasamal,Yasamal,3.0,150.0,13.0,19.0,479500.0,50.0
Yasamal,Yasamal,3.0,154.0,5.0,19.0,538000.0,51.333333333333336
Yasamal,Yasamal,3.0,122.0,9.0,19.0,435000.0,40.666666666666664
Yasamal,Yasamal,3.0,109.0,1.0,9.0,281000.0,36.333333333333336
Yasamal,Yasamal,3.0,88.0,3.0,5.0,374500.0,29.333333333333332
Yasamal,Yasamal,2.0,57.0,7.0,16.0,235500.0,28.5
Yasamal,Yasamal,2.0,65.0,7.0,19.0,225000.0,32.5
Yasamal,Yasamal,3.0,109.0,15.0,18.0,320500.0,36.333333333333336
Yasamal,Yasamal,3.0,77.0,8.0,16.0,249000.0,25.666666666666668
Yasamal,Yasamal,4.0,159.0,9.0,9.0,463000.0,39.75
Yasamal,Yasamal,3.0,134.0,16.0,19.0,548500.0,44.666666666666664
Yasamal,Yasamal,2.0,53.0,2.0,5.0,138500.0,26.5
Yasamal,Yasamal,5.0,192.0,5.0,9.0,650000.0,38.4
Yasamal,Yasamal,4.0,119.0,8.0,9.0,394500.0,29.75
Yasamal,Yasamal,1.0,41.0,18.0,19.0,138000.0,41.0
Yasamal,Yasamal,2.0,52.0,1.0,5.0,130000.0,26.0
Yasamal,Yasamal,2.0,50.0,4.0,5.0,165000.0,25.0
Yasamal,Yasamal,3.0,154.0,5.0,19.0,620500.0,51.333333333333336
Yasamal,Yasamal,2.0,51.0,8.0,9.0,141500.0,25.5
Yasamal,Yasamal,3.0,147.0,7.0,9.0,483500.0,49.0
Yasamal,Yasamal,2.0,67.0,4.0,5.0,218000.0,33.5
Yasamal,Yasamal,2.0,57.0,19.0,19.0,172000.0,28.5
Yasamal,Yasamal,2.0,55.0,5.0,19.0,200500.0,27.5
Yasamal,Yasamal,2.0,78.0,3.0,9.0,250500.0,39.0
Yasamal,Yasamal,3.0,152.0,9.0,18.0,650000.0,50.666666666666664
Yasamal,Yasamal,2.0,68.0,8.0,18.0,154000.0,34.0
Yasamal,Yasamal,4.0,108.0,1.0,5.0,347500.0,27.0
Yasamal,Yasamal,1.0,40.0,4.0,5.0,140500.0,40.0
Yasamal,Yasamal,4.0,101.0,11.0,16.0,298500.0,25.25
Yasamal,Yasamal,2.0,50.0,1.0,5.0,139500.0,25.0
Yasamal,Yasamal,2.0,81.0,9.0,19.0,216000.0,40.5
Yasamal,Yasamal,3.0,95.0,5.0,19.0,313500.0,31.666666666666668
Yasamal,Yasamal,2.0,74.0,4.0,9.0,218500.0,37.0
Yasamal,Yasamal,2.0,76.0,3.0,9.0,223000.0,38.0
Yasamal,Yasamal,3.0,77.0,8.0,9.0,344500.0,25.666666666666668
Yasamal,Yasamal,3.0,79.0,2.0,5.0,358500.0,26.333333333333332
Yasamal,Yasamal,3.0,110.0,7.0,9.0,304500.0,36.666666666666664
Yasamal,Yasamal,2.0,75.0,17.0,18.0,197000.0,37.5
Yasamal,Yasamal,2.0,74.0,11.0,18.0,219500.0,37.0
Yasamal,Yasamal,4.0,160.0,1.0,5.0,401500.0,40.0
Yasamal,Yasamal,2.0,59.0,4.0,16.0,169000.0,29.5
Yasamal,Yasamal,2.0,71.0,16.0,18.0,173500.0,35.5
Yasamal,Yasamal,1.0,36.0,9.0,9.0,130000.0,36.0
Yasamal,Yasamal,2.0,63.0,12.0,16.0,223000.0,31.5
Yasamal,Yasamal,2.0,62.0,10.0,18.0,173500.0,31.0
Yasamal,Yasamal,3.0,106.0,10.0,18.0,366500.0,35.333333333333336
Yasamal,Yasamal,3.0,94.0,11.0,16.0,398000.0,31.333333333333332
Yasamal,Yasamal,3.0,104.0,5.0,9.0,443500.0,34.666666666666664
Yasamal,Yasamal,3.0,100.0,1.0,19.0,420000.0,33.333333333333336
Yasamal,Yasamal,5.0,185.0,9.0,9.0,612000.0,37.0
Yasamal,Yasamal,3.0,149.0,13.0,16.0,523500.0,49.666666666666664
Yasamal,Yasamal,3.0,110.0,12.0,18.0,310000.0,36.666666666666664
Yasamal,Yasamal,3.0,72.0,1.0,19.0,242000.0,24.0
Yasamal,Yasamal,3.0,141.0,4.0,19.0,411500.0,47.0
Yasamal,Yasamal,3.0,119.0,17.0,18.0,412000.0,39.666666666666664
Yasamal,Yasamal,2.0,51.0,2.0,9.0,130000.0,25.5
Yasamal,Yasamal,2.0,72.0,11.0,19.0,226500.0,36.0
Yasamal,Yasamal,3.0,149.0,3.0,5.0,462000.0,49.666666666666664
Yasamal,Yasamal,3.0,147.0,12.0,19.0,599500.0,49.0
Yasamal,Yasamal,3.0,147.0,7.0,16.0,490000.0,49.0
Yasamal,Yasamal,4.0,115.0,2.0,19.0,303500.0,28.75
Yasamal,Yasamal,2.0,60.0,15.0,19.0,238000.0,30.0
Yasamal,Yasamal,2.0,48.0,1.0,9.0,130000.0,24.0
Yasamal,Yasamal,3.0,127.0,9.0,9.0,468000.0,42.333333333333336
Yasamal,Yasamal,2.0,69.0,5.0,9.0,227000.0,34.5
Yasamal,Yasamal,2.0,64.0,2.0,5.0,183000.0,32.0
Yasamal,Yasamal,4.0,150.0,8.0,18.0,508000.0,37.5
Yasamal,Yasamal,3.0,142.0,1.0,5.0,499500.0,47.333333333333336
Yasamal,Yasamal,1.0,34.0,9.0,9.0,130000.0,34.0
Yasamal,Yasamal,3.0,95.0,7.0,9.0,306500.0,31.666666666666668
Yasamal,Yasamal,3.0,105.0,8.0,16.0,329000.0,35.0
Yasamal,Yasamal,2.0,72.0,7.0,19.0,230500.0,36.0
Yasamal,Yasamal,3.0,76.0,3.0,9.0,187000.0,25.333333333333332
Yasamal,Yasamal,2.0,71.0,3.0,19.0,175500.0,35.5
Yasamal,Yasamal,3.0,102.0,16.0,18.0,426000.0,34.0
Yasamal,Yasamal,4.0,100.0,12.0,18.0,297000.0,25.0
Yasamal,Yasamal,4.0,137.0,9.0,16.0,409500.0,34.25
Yasamal,Yasamal,1.0,36.0,3.0,9.0,156000.0,36.0
Yasamal,Yasamal,2.0,51.0,5.0,5.0,153000.0,25.5
Yasamal,Yasamal,4.0,108.0,1.0,5.0,373500.0,27.0
Yasamal,Yasamal,3.0,129.0,9.0,9.0,409000.0,43.0
Yasamal,Yasamal,3.0,127.0,7.0,18.0,350500.0,42.333333333333336
Yasamal,Yasamal,2.0,59.0,4.0,18.0,173000.0,29.5
Yasamal,Yasamal,3.0,76.0,2.0,5.0,266000.0,25.333333333333332
Yasamal,Yasamal,3.0,137.0,15.0,16.0,441000.0,45.666666666666664
Yasamal,Yasamal,2.0,74.0,7.0,16.0,235500.0,37.0
Yasamal,Yasamal,2.0,77.0,2.0,19.0,196000.0,38.5
Yasamal,Yasamal,3.0,108.0,13.0,19.0,346000.0,36.0
Yasamal,Yasamal,3.0,119.0,4.0,19.0,382000.0,39.666666666666664
Yasamal,Yasamal,3.0,118.0,15.0,19.0,398500.0,39.333333333333336
Yasamal,Yasamal,3.0,80.0,12.0,19.0,208000.0,26.666666666666668
Yasamal,Yasamal,2.0,55.0,1.0,18.0,130000.0,27.5
Yasamal,Yasamal,3.0,135.0,8.0,16.0,504500.0,45.0
Yasamal,Yasamal,2.0,55.0,6.0,9.0,168500.0,27.5
Yasamal,Yasamal,2.0,74.0,10.0,16.0,271500.0,37.0
Yasamal,Yasamal,4.0,153.0,3.0,5.0,443500.0,38.25
Yasamal,Yasamal,3.0,133.0,6.0,19.0,548500.0,44.333333333333336
Yasamal,Yasamal,1.0,47.0,4.0,9.0,158000.0,47.0
Yasamal,Yasamal,3.0,113.0,1.0,9.0,307000.0,37.666666666666664
Yasamal,Yasamal,3.0,79.0,5.0,5.0,265500.0,26.333333333333332
Yasamal,Yasamal,2.0,68.0,13.0,18.0,190500.0,34.0
Yasamal,Yasamal,3.0,147.0,1.0,5.0,557500.0,49.0
Yasamal,Yasamal,3.0,99.0,4.0,9.0,322000.0,33.0
Yasamal,Yasamal,2.0,76.0,11.0,19.0,245000.0,38.0
Yasamal,Yasamal,3.0,131.0,16.0,18.0,480500.0,43.666666666666664
Yasamal,Yasamal,3.0,108.0,5.0,5.0,425500.0,36.0
Yasamal,Yasamal,3.0,78.0,5.0,5.0,247000.0,26.0
Yasamal,Yasamal,3.0,87.0,2.0,16.0,353500.0,29.0
Yasamal,Yasamal,4.0,152.0,3.0,5.0,438000.0,38.0
Yasamal,Yasamal,4.0,129.0,13.0,19.0,467000.0,32.25
Yasamal,Yasamal,3.0,71.0,9.0,16.0,222500.0,23.666666666666668
Yasamal,Yasamal,3.0,67.0,5.0,5.0,247500.0,22.333333333333332
Yasamal,Yasamal,4.0,138.0,4.0,9.0,407500.0,34.5
Yasamal,Yasamal,1.0,41.0,15.0,16.0,130500.0,41.0
Yasamal,Yasamal,2.0,65.0,3.0,19.0,218500.0,32.5
Yasamal,Yasamal,4.0,163.0,6.0,19.0,572500.0,40.75
Yasamal,Yasamal,2.0,82.0,3.0,9.0,244000.0,41.0
Yasamal,Yasamal,4.0,127.0,14.0,19.0,302000.0,31.75
Yasamal,Yasamal,1.0,35.0,4.0,5.0,160000.0,35.0
Yasamal,Yasamal,3.0,89.0,4.0,5.0,335000.0,29.666666666666668
Yasamal,Yasamal,4.0,105.0,9.0,16.0,368000.0,26.25
Yasamal,Yasamal,4.0,157.0,9.0,19.0,494000.0,39.25
Yasamal,Yasamal,2.0,77.0,1.0,19.0,270500.0,38.5
Yasamal,Yasamal,2.0,48.0,17.0,18.0,165500.0,24.0
Yasamal,Yasamal,3.0,146.0,6.0,9.0,540500.0,48.666666666666664
Yasamal,Yasamal,2.0,82.0,1.0,5.0,220000.0,41.0
Yasamal,Yasamal,2.0,69.0,9.0,18.0,228000.0,34.5
Yasamal,Yasamal,2.0,53.0,14.0,19.0,214000.0,26.5
Yasamal,Yasamal,3.0,115.0,6.0,16.0,336000.0,38.333333333333336
Yasamal,Yasamal,2.0,59.0,3.0,9.0,131000.0,29.5
Yasamal,Yasamal,4.0,126.0,8.0,9.0,331000.0,31.5
Yasamal,Yasamal,4.0,158.0,14.0,18.0,430500.0,39.5
Yasamal,Yasamal,2.0,63.0,5.0,5.0,169000.0,31.5
Yasamal,Yasamal,3.0,131.0,15.0,18.0,507000.0,43.666666666666664
Yasamal,Yasamal,4.0,141.0,13.0,19.0,434500.0,35.25
Yasamal,Yasamal,3.0,83.0,9.0,16.0,241500.0,27.666666666666668
Yasamal,Yasamal,2.0,81.0,8.0,9.0,206500.0,40.5
Yasamal,Yasamal,3.0,78.0,2.0,9.0,215500.0,26.0
Yasamal,Yasamal,3.0,105.0,2.0,9.0,397500.0,35.0
Yasamal,Yasamal,3.0,63.0,9.0,9.0,187500.0,21.0
Yasamal,Yasamal,4.0,163.0,1.0,18.0,479500.0,40.75
Yasamal,Yasamal,4.0,113.0,4.0,5.0,436500.0,28.25
Yasamal,Yasamal,3.0,87.0,6.0,9.0,243500.0,29.0
Yasamal,Yasamal,3.0,63.0,16.0,18.0,222000.0,21.0
Yasamal,Yasamal,2.0,76.0,7.0,19.0,218500.0,38.0
Yasamal,Yasamal,2.0,62.0,6.0,9.0,194000.0,31.0
Yasamal,Yasamal,3.0,76.0,9.0,18.0,273000.0,25.333333333333332
Yasamal,Yasamal,2.0,58.0,5.0,16.0,130000.0,29.0
Yasamal,Yasamal,3.0,135.0,10.0,18.0,453500.0,45.0
Yasamal,Yasamal,3.0,64.0,4.0,16.0,227500.0,21.333333333333332
Yasamal,Yasamal,1.0,39.0,11.0,18.0,130000.0,39.0
Yasamal,Yasamal,5.0,198.0,9.0,19.0,542000.0,39.6
Yasamal,Yasamal,2.0,57.0,8.0,18.0,185500.0,28.5
Yasamal,Yasamal,3.0,128.0,9.0,9.0,452000.0,42.666666666666664
Yasamal,Yasamal,4.0,124.0,3.0,18.0,318500.0,31.0
Yasamal,Yasamal,4.0,114.0,14.0,19.0,341000.0,28.5
Yasamal,Yasamal,3.0,122.0,4.0,5.0,433000.0,40.666666666666664
Yasamal,Yasamal,3.0,108.0,5.0,5.0,342500.0,36.0
Yasamal,Yasamal,2.0,70.0,5.0,16.0,191500.0,35.0
Yasamal,Yasamal,2.0,70.0,5.0,19.0,170000.0,35.0
Yasamal,Yasamal,4.0,153.0,5.0,5.0,478000.0,38.25
Yasamal,Yasamal,3.0,135.0,4.0,5.0,418000.0,45.0
Yasamal,Yasamal,4.0,134.0,2.0,5.0,332000.0,33.5
Yasamal,Yasamal,1.0,33.0,6.0,18.0,143000.0,33.0
Yasamal,Yasamal,3.0,117.0,2.0,9.0,428500.0,39.0
Yasamal,Yasamal,2.0,79.0,4.0,18.0,245000.0,39.5
Yasamal,Yasamal,3.0,93.0,17.0,19.0,296500.0,31.0
Yasamal,Yasamal,3.0,85.0,5.0,5.0,274000.0,28.333333333333332
Yasamal,Yasamal,3.0,109.0,3.0,18.0,410500.0,36.333333333333336
Yasamal,Yasamal,4.0,159.0,7.0,19.0,610000.0,39.75
Yasamal,Yasamal,3.0,128.0,1.0,16.0,447000.0,42.666666666666664
Yasamal,Yasamal,3.0,120.0,8.0,19.0,392500.0,40.0
Yasamal,Yasamal,3.0,111.0,7.0,16.0,363500.0,37.0
Yasamal,Yasamal,4.0,130.0,5.0,5.0,391500.0,32.5
Yasamal,Yasamal,3.0,125.0,2.0,5.0,468000.0,41.666666666666664
Yasamal,Yasamal,3.0,85.0,1.0,5.0,276000.0,28.333333333333332
Yasamal,Yasamal,3.0,146.0,6.0,18.0,562500.0,48.666666666666664
Yasamal,Yasamal,4.0,137.0,5.0,18.0,468000.0,34.25
Yasamal,Yasamal,4.0,139.0,10.0,16.0,482500.0,34.75
Yasamal,Yasamal,2.0,67.0,18.0,19.0,141000.0,33.5
Yasamal,Yasamal,3.0,126.0,3.0,16.0,447000.0,42.0
Yasamal,Yasamal,2.0,59.0,10.0,19.0,154500.0,29.5
Yasamal,Yasamal,4.0,127.0,7.0,19.0,362000.0,31.75
Yasamal,Yasamal,3.0,148.0,1.0,9.0,538000.0,49.333333333333336
Yasamal,Yasamal,3.0,98.0,5.0,19.0,325000.0,32.666666666666664
Yasamal,Yasamal,3.0,112.0,12.0,18.0,343000.0,37.333333333333336
Yasamal,Yasamal,3.0,134.0,1.0,5.0,461500.0,44.666666666666664
Yasamal,Yasamal,2.0,61.0,11.0,16.0,233000.0,30.5
Yasamal,Yasamal,3.0,69.0,1.0,9.0,233000.0,23.0
Yasamal,Yasamal,3.0,71.0,1.0,18.0,201500.0,23.666666666666668
Yasamal,Yasamal,3.0,65.0,8.0,19.0,271500.0,21.666666666666668
Yasamal,Yasamal,2.0,69.0,1.0,5.0,188500.0,34.5
Yasamal,Yasamal,3.0,128.0,1.0,9.0,506000.0,42.666666666666664
Yasamal,Yasamal,4.0,160.0,12.0,16.0,467000.0,40.0
Yasamal,Yasamal,3.0,122.0,16.0,16.0,372500.0,40.666666666666664
Yasamal,Yasamal,4.0,110.0,4.0,9.0,307000.0,27.5
Yasamal,Yasamal,3.0,139.0,5.0,9.0,506000.0,46.333333333333336
Yasamal,Yasamal,3.0,145.0,16.0,16.0,452000.0,48.333333333333336
Yasamal,Yasamal,2.0,48.0,3.0,5.0,185500.0,24.0
Yasamal,Yasamal,4.0,133.0,11.0,18.0,416500.0,33.25
Yasamal,Yasamal,2.0,65.0,7.0,9.0,223500.0,32.5
Yasamal,Yasamal,3.0,149.0,2.0,19.0,479500.0,49.666666666666664
Yasamal,Yasamal,3.0,98.0,4.0,19.0,343000.0,32.666666666666664
Yasamal,Yasamal,4.0,141.0,1.0,9.0,367500.0,35.25
Yasamal,Yasamal,2.0,64.0,10.0,18.0,157500.0,32.0
Yasamal,Yasamal,3.0,85.0,8.0,18.0,327500.0,28.333333333333332
Yasamal,Yasamal,4.0,161.0,16.0,18.0,378000.0,40.25
Yasamal,Yasamal,2.0,62.0,16.0,16.0,204500.0,31.0
Yasamal,Yasamal,3.0,143.0,3.0,19.0,477000.0,47.666666666666664
Yasamal,Yasamal,2.0,63.0,1.0,5.0,195500.0,31.5
Yasamal,Yasamal,3.0,98.0,1.0,5.0,278500.0,32.666666666666664
Yasamal,Yasamal,5.0,186.0,2.0,16.0,639000.0,37.2
Yasamal,Yasamal,3.0,137.0,6.0,19.0,425000.0,45.666666666666664
Yasamal,Yasamal,4.0,164.0,9.0,16.0,512500.0,41.0
Yasamal,Yasamal,4.0,114.0,7.0,18.0,366500.0,28.5
Yasamal,Yasamal,2.0,72.0,10.0,16.0,198000.0,36.0
Yasamal,Yasamal,2.0,60.0,11.0,16.0,190000.0,30.0
Yasamal,Yasamal,4.0,148.0,8.0,19.0,494500.0,37.0
